id	name	cat	coordinates	hours
0	101 California	Business & Services	[-122.3981, 37.79295]	N/A
1	101 Luxury Transportation	Transport	[-122.456129, 37.781581]	Mon-Sun: 00:00 - 24:00
2	102 Music	Shop	[-122.40762, 37.79952]	N/A
3	111 Minna Gallery	Sights & Museums	[-122.39947, 37.78742]	Mon-Fri: 07:30 - 17:00
4	12 Gallagher Lane	Shop	[-122.40321, 37.78148]	N/A
5	140 New Montgomery	Landmark/Attraction	[-122.4, 37.78661]	N/A
6	16th Avenue Tiled Steps	Going Out	[-122.47312, 37.756247]	Mon-Sat: 09:30 - 17:00<br/>Sun: 10:00 - 17:00
7	1am SF	Sights & Museums	[-122.4076, 37.7797]	Tue-Sat: 12:00 - 18:30
8	1st Classic Airport Transportation Limousine Car Service	Transport	[-122.41688, 37.75373]	Mon-Sun: 00:00 - 24:00
9	222 Second Street	Going Out	[-122.39823, 37.78631]	N/A
10	22nd St Hill	Landmark/Attraction	[-122.42833, 37.75463]	N/A
11	333 Bush Street	Building	[-122.40306, 37.79059]	Mon-Fri: 06:00 - 20:00<br/>Sat: 09:00 - 17:00
12	39 Stockton Street	Landmark/Attraction	[-122.40666, 37.78616]	N/A
13	3rd on Third	Going Out	[-122.39075, 37.7356]	N/A
14	450 Sutter Building	Hospital or Healthcare Facility	[-122.40783, 37.78966]	Mon-Sun: 06:00 - 06:00
15	46th & Sloat Mural	Landmark/Attraction	[-122.5039, 37.73576]	N/A
16	4825 Mission Mural	Landmark/Attraction	[-122.43721, 37.72106]	N/A
17	49 Square Tours	Sights & Museums	[-122.39495, 37.776886]	Mon-Fri: 09:00 - 18:00<br/>Sat, Sun: 11:00 - 17:00
18	4th & Brannan Murals	Landmark/Attraction	[-122.39686, 37.77828]	N/A
19	500 Capp Street Foundation	Museum	[-122.41818, 37.75856]	Wed-Sat: 11:00 - 17:30
20	7d Experience	Cinema	[-122.410342, 37.808533]	Mon-Sun: 10:00 - 22:00
21	826 Valencia Pirate Supply Store	Shop	[-122.42168, 37.75955]	Mon-Sun: 12:00 - 18:00
22	A Cavalli & Co	Coffee/Tea	[-122.40917, 37.7991]	Tue-Sat: 09:00 - 18:00
23	A Friend in Town	Landmark/Attraction	[-122.39605, 37.77917]	Mon-Sun: 08:30 - 20:00
24	A Neighborhood Inspired by History and Champions	Landmark/Attraction	[-122.436399, 37.713493]	N/A
25	A Pied Tours	Sights & Museums	[-122.405887, 37.791482]	N/A
26	A Shine & Co	Going Out	[-122.40352, 37.79258]	Mon: 08:00 - 18:00<br/>Tue-Fri: 07:00 - 18:00
27	A Silvestri Co	DIY/garden centre	[-122.40575, 37.70857]	Tue-Fri: 09:00 - 17:00<br/>Sat: 10:00 - 17:00
28	A Taste of San Francisco	Transport	[-122.48761, 37.78164]	Tue-Sun: 09:00 - 21:00
29	A Taste of San Francisco and Beyond	Food & Drink	[-122.38453, 37.75503]	Mon-Sun: 07:00 - 21:00
30	AB Fits	Clothing & Accessories	[-122.40781, 37.80094]	Tue-Sat: 11:30 - 18:30<br/>Sun: 12:00 - 18:00
31	ABC's '7live' Voice Box	Theatre, Music & Culture	[-122.39956, 37.80022]	N/A
32	AIDS Memorial Grove	Natural or Geographical	[-122.46037, 37.76982]	N/A
33	AMC Theatres Dine-in Kabuki 8	Cinema	[-122.43236, 37.78523]	Mon-Sun: 12:00 - 00:00
34	Aardvark's	Shop	[-122.44711, 37.76976]	N/A
35	Abiano Limo	Transport	[-122.42191, 37.80246]	Mon-Sun: 06:00 - 01:00
36	Able International Holiday	Landmark/Attraction	[-122.463589, 37.701648]	N/A
37	Abraham Lincoln Brigade Memorial	Landmark/Attraction	[-122.39423, 37.79337]	N/A
38	Acsailingsf	Business & Services	[-122.41023, 37.80885]	Tue-Sun: 09:00 - 18:00
39	Admission's Day Statue	Landmark/Attraction	[-122.40166, 37.78864]	N/A
40	Adventure Cat Sailing Charters	Business & Services	[-122.41023, 37.80885]	N/A
41	Adventures by Anne Marie	Landmark/Attraction	[-122.44629, 37.769800000000004]	N/A
42	Aegis Limo	Transport	[-122.38429, 37.73053]	Mon-Sun: 00:00 - 24:00
43	Age of Sail - San Francisco Maritime Park Association	Educational Facility	[-122.42091, 37.80767]	Mon-Fri: 08:00 - 17:00
44	Agnes' Tours	Landmark/Attraction	[-122.400895, 37.798764]	N/A
45	Alcatraz	Landmark/Attraction	[-122.42095, 37.82672]	Mon-Sun: 08:30 - 18:30
46	Alcatraz Dining Hall	Snacks/Fast food	[-122.41157, 37.80634]	N/A
47	Alcatraz Excursions	Business & Services	[-122.404456, 37.806635]	Mon-Fri: 09:00 - 17:00
48	Alcatraz Light	Landmark/Attraction	[-122.41056, 37.8018]	N/A
49	Alcatraz Now	Tourist Information	[-122.4131, 37.80205]	Mon-Sun: 08:00 - 20:00
50	Alcatraz Reservations	Public Transport	[-122.40949, 37.80737]	N/A
51	Alcatraz Tours	Landmark/Attraction	[-122.47331, 37.78915]	N/A
52	Alegro Tours	Sights & Museums	[-122.45285, 37.78145]	Mon-Sun: 06:00 - 23:00
53	Alemany Flea Market	Shop	[-122.409, 37.73692]	Sun: 06:00 - 15:00
54	Alessi	Shop	[-122.40745, 37.7896]	Mon-Sat: 10:00 - 18:00
55	Alioto-Lazio Fish	Shop	[-122.41988, 37.80784]	Mon-Fri: 06:00 - 14:00<br/>Sat: 07:00 - 12:00
56	All About Chinatown Tours	Sights & Museums	[-122.40551, 37.79269]	N/A
57	All American Boy	Shop	[-122.4347, 37.76156]	N/A
58	Almanza Tours	Landmark/Attraction	[-122.39879, 37.79803]	N/A
59	Aloha Limousine	Transport	[-122.40166, 37.72356]	Mon-Sun: 08:00 - 21:00
60	Alsabeel Noor al-Islam Mosque	Religious Place	[-122.406331, 37.768504]	N/A
61	Alternative SF	Going Out	[-122.43571, 37.75814]	N/A
62	Alvinza Hayward Building	Landmark/Attraction	[-122.40256, 37.79314]	N/A
63	Alvord Lake Bridge	Recreation	[-122.456936, 37.767863]	N/A
64	Amazing Team Adventures	Sport Facility/Venue	[-122.4084, 37.79167]	Mon-Fri: 09:00 - 17:00
65	Ambassador Tours	Travel Agency	[-122.40238, 37.79234]	Mon-Fri: 08:00 - 17:00<br/>Sun: 09:00 - 14:00
66	America's Rock Stars Mural	Landmark/Attraction	[-122.40449, 37.76991]	N/A
67	American Bookbinders Museum	Sights & Museums	[-122.40275, 37.78142]	Tue-Sat: 10:00 - 16:00
68	American Zoetrope	Landmark/Attraction	[-122.40499, 37.79655]	Mon-Fri: 11:00 - 22:00<br/>Sat: 12:00 - 22:00<br/>Sun: 12:00 - 21:00
69	Amoeba Music	Shop	[-122.45261, 37.76892]	Mon-Sun: 11:00 - 20:00
70	Anchor Brewery	Sights & Museums	[-122.40095, 37.76311]	Mon-Fri: 09:00 - 17:00
71	Angel Island State Park	Recreation	[-122.41173, 37.80858]	Mon-Fri: 10:00 - 15:00<br/>Sat, Sun: 10:00 - 16:00
72	Anglim Gilbert Gallery	Museum	[-122.38938, 37.75425]	N/A
73	Annular Eclipse	Landmark/Attraction	[-122.39936, 37.78886]	N/A
74	Ansel Adams Historic Social Path	Landmark/Attraction	[-122.48442, 37.78727]	N/A
75	Ap Hotaling Warehouse	Landmark/Attraction	[-122.40248, 37.79631]	N/A
76	Apple Cider Press Statue	Landmark/Attraction	[-122.468763, 37.770758]	N/A
77	Aquarium of the Bay	Theme Park	[-122.41, 37.80906]	Mon-Sun: 10:00 - 20:00
78	Aquatic Park San Francisco City	Government or Community Facility	[-122.4239, 37.80635]	N/A
79	Arader Galleries	Shop	[-122.40253, 37.79665]	Mon-Sun: 11:00 - 19:00
80	Archimedes Banya	Business & Services	[-122.37277, 37.7305]	Mon, Wed-Fri: 12:00 - 00:00<br/>Sat, Sun: 10:00 - 00:00
81	Arelious Walker Stairway	Sights & Museums	[-122.39951, 37.75071]	N/A
82	Argo Sport Fishing & Charter Boat - Private Charters	Sport Facility/Venue	[-122.415985, 37.808912]	N/A
83	Art for Children at the de Young Museum	Sights & Museums	[-122.46581, 37.7726]	N/A
84	Artful Tour	Landmark/Attraction	[-122.42856, 37.7602]	N/A
85	Artful Tours	Landmark/Attraction	[-122.43619, 37.75826]	N/A
86	Arthaus	Museum	[-122.39443, 37.77967]	Tue-Fri: 11:00 - 18:00<br/>Sat: 12:00 - 17:00
87	Artillery Apparel Gallery	Clothing & Accessories	[-122.41816, 37.75306]	Mon-Sat: 11:00 - 20:00<br/>Sun: 11:00 - 17:00
88	Ashurbanipal Monument	Landmark/Attraction	[-122.46513, 37.77368]	N/A
89	Asian Art Museum of San Francisco	Museum	[-122.41685, 37.78015]	Tue-Sun: 10:00 - 17:00
90	Audium	Theatre, Music & Culture	[-122.42387, 37.788380000000004]	Thu-Sat: 20:00 - 22:00
91	Authentic Ukraine	Landmark/Attraction	[-122.47458, 37.7782]	Mon, Wed: 10:00 - 17:30<br/>Tue, Thu: 17:00 - 19:30<br/>Fri: 10:00 - 16:00<br/>Sat: 11:00 - 14:00<br/>Sun: 13:00 - 15:30
92	Autodesk Gallery	Museum	[-122.39423, 37.79337]	Mon, Wed, Fri: 10:00 - 17:00
93	Avital Tours	Business & Services	[-122.39963, 37.794501]	Mon-Sun: 10:00 - 21:00
94	BB Wine Tours	Landmark/Attraction	[-122.39318, 37.77662]	Mon-Sun: 09:00 - 17:00
95	BC Tours	Landmark/Attraction	[-122.48056, 37.69606]	Mon: 09:00 - 18:00
96	Babushka	Shop	[-122.41782, 37.80747]	N/A
97	Bacon & San Bruno Mural	Landmark/Attraction	[-122.40374, 37.7277]	N/A
98	Baker Beach	Recreation	[-122.48317, 37.79066]	Mon-Sun: 06:00 - 19:00
99	Balboa Mosaic Posts	Landmark/Attraction	[-122.49968, 37.77574]	N/A
100	Balmy Alley	Landmark/Attraction	[-122.41539, 37.75229]	N/A
101	Balmy Street Murals	Landmark/Attraction	[-122.41252, 37.75282]	N/A
102	Bank of America Building	Landmark/Attraction	[-122.47735, 37.78445]	N/A
103	Bank of California Building	Landmark/Attraction	[-122.40146, 37.7933]	N/A
104	Bank of Italy Building	Landmark/Attraction	[-122.40296, 37.79451]	N/A
105	Bank of Lucas, Turner & Co.	Landmark/Attraction	[-122.40242, 37.79014]	N/A
106	Banker's Heart	Landmark/Attraction	[-122.40352, 37.79258]	Mon-Fri: 06:00 - 21:00<br/>Sat: 08:00 - 14:00
107	Baps Shri Swaminarayan Mandir	Religious Place	[-122.424176, 37.724646]	Mon-Sun: 16:00 - 20:30
108	Bare Escentuals	Shop	[-122.397955, 37.794454]	N/A
109	Barracks	Landmark/Attraction	[-122.40336, 37.7975]	N/A
110	Barry Bonds Jr Giants Field	Recreation	[-122.387354, 37.774494]	N/A
111	Basically Free Bike Rentals & Tours	Shop	[-122.41663, 37.80497]	Mon-Sun: 08:00 - 18:00
112	Bass & Reiner	Museum	[-122.38938, 37.75425]	Wed-Sat: 13:00 - 18:00
113	Batteries of Presidio	Landmark/Attraction	[-122.475666, 37.80442]	N/A
114	Battery Boutelle	Landmark/Attraction	[-122.476151, 37.805301]	N/A
115	Battery Chamberlin	Recreation	[-122.482694, 37.794009]	N/A
116	Battery Crosby	Landmark/Attraction	[-122.48038, 37.79819]	Mon: 00:00 - 00:00
117	Battery East Trail	Landmark/Attraction	[-122.454959, 37.796573]	N/A
118	Battery East Vista	Sights & Museums	[-122.470988, 37.806069]	N/A
119	Battery Spencer	Sights & Museums	[-122.48229, 37.82895]	N/A
120	Battery Yates	Landmark/Attraction	[-122.473154, 37.834031]	N/A
121	Bauer & Schweitzer Malting Company Building	Landmark/Attraction	[-122.41245, 37.80436]	N/A
122	Bay Area Brewery Tours Day Tours	Food & Drink	[-122.40857, 37.79679]	N/A
123	Bay Area Excursions	Business & Services	[-122.48184, 37.78002]	N/A
124	Bay Area Expeditions	Sport Facility/Venue	[-122.44649, 37.77017]	Mon-Fri: 10:00 - 16:00
125	Bay Area Town Car	Transport	[-122.420788, 37.744534]	Mon-Sun: 00:00 - 24:00
126	Bay Area Town Car Limos & Suv's	Transport	[-122.48016, 37.6958]	Mon-Sun: 00:00 - 24:00
127	Bay City Bike Rentals and Tours	Shop	[-122.41591, 37.80695]	Mon-Fri: 08:00 - 19:00<br/>Sat, Sun: 08:00 - 19:30
128	Bay Company	Clothing & Accessories	[-122.420596, 37.807733999999996]	Mon-Sun: 09:00 - 21:30
129	Bay Lights	Landmark/Attraction	[-122.38899, 37.72563]	N/A
130	Bay Treks	Sport Facility/Venue	[-122.446928, 37.769261]	N/A
131	Baytours	Landmark/Attraction	[-122.48504, 37.75857]	N/A
132	Beach Blanket Babylon	Sights & Museums	[-122.41034, 37.79937]	Wed, Thu: 20:00 - 22:00<br/>Fri: 18:30 - 22:00<br/>Sat: 21:30 - 23:30<br/>Sun: 17:00 - 19:00
133	Beat Museum	Book Shop	[-122.40615, 37.79823]	N/A
134	Beers & Bikes	Food & Drink	[-122.405004, 37.793838]	Mon-Sun: 00:00 - 23:59
135	Beethoven Statue	Landmark/Attraction	[-122.46477, 37.769693]	N/A
136	Beltline Railroad Roundhouse	Landmark/Attraction	[-122.402756, 37.801146]	N/A
137	Beniamino Bufano's St Francis Statue	Landmark/Attraction	[-122.41532, 37.80759]	N/A
138	Bently Reserve	Theatre, Music & Culture	[-122.40078, 37.79429]	Mon-Sun: 09:00 - 02:00
139	Berggruen Gallery	Museum	[-122.39927, 37.78564]	Mon-Fri: 10:00 - 18:00<br/>Sat: 11:00 - 18:00
140	Berwick Place Murals	Landmark/Attraction	[-122.408233, 37.774916]	N/A
141	Best Bay Area Tours	Sights & Museums	[-122.43468, 37.74458]	Mon-Sun: 07:00 - 21:00
142	Best Coast Biking	Shop	[-122.47868, 37.74434]	Mon-Sat: 09:00 - 17:00
143	Best Holiday	Travel Agency	[-122.480375, 37.754194]	Mon-Fri: 09:30 - 18:30<br/>Sat: 10:30 - 15:30
144	Best Tours - Chocolate Tour San Francisco	Landmark/Attraction	[-122.39863, 37.79095]	Thu-Sun: 12:00 - 14:00
145	Bethship	Museum	[-122.40875, 37.72742]	N/A
146	Beyond the Fog	Landmark/Attraction	[-122.40413, 37.79032]	N/A
147	Big Little Boat Tours	Landmark/Attraction	[-122.40996, 37.80158]	Tue-Sun: 09:00 - 20:00
148	Bike Sculpture	Landmark/Attraction	[-122.49698, 37.77371]	N/A
149	Bill Graham Civic Auditorium	Fair & Convention Facility	[-122.41764, 37.77851]	N/A
150	Bin 415 Private Tours	Landmark/Attraction	[-122.446, 37.76406]	Mon-Sun: 08:00 - 19:00
151	Biordi Art Imports	DIY/garden centre	[-122.40802, 37.79905]	Mon-Fri: 11:00 - 17:00<br/>Sat: 09:30 - 17:00
152	Blazing Saddles Bike Rentals & Tours	Shop	[-122.4208, 37.80604]	Mon-Sun: 08:00 - 20:00
153	Blue & Gold Fleet	Ferry Terminal	[-122.41023, 37.80885]	Mon-Sun: 09:00 - 17:00
154	Blue & Gold Fleet, Pier 39	Sights & Museums	[-122.40908, 37.80813]	Mon-Fri: 13:00 - 17:00
155	Blue Heron Custom Tours	Tourist Information	[-122.44827, 37.72883]	Mon-Sun: 07:30 - 20:30
156	Blujay Transportation	Transport	[-122.398664, 37.797942]	Mon-Sun: 00:00 - 24:00
157	Bluxome Street Winery	Wine & Spirits	[-122.39682, 37.77648]	Mon-Sun: 13:00 - 20:00
158	Bob Kaufman Alley	Landmark/Attraction	[-122.40722, 37.80146]	N/A
159	Bond Latin Gallery	Museum	[-122.39855, 37.78604]	N/A
160	Bonhams & Butterfields	Shop	[-122.40613, 37.76652]	Mon-Fri: 09:00 - 17:00
161	Books	Book Shop	[-122.452115, 37.786419]	Mon-Sun: 09:00 - 19:00
162	Borderlands Books	Book Shop	[-122.42151, 37.759]	Mon-Sun: 12:00 - 20:00
163	Borel and Company Building	Landmark/Attraction	[-122.40266, 37.79347]	N/A
164	Boudin Museum and Bakery Tour	Museum	[-122.41491, 37.8085]	Mon-Fri, Sun: 08:00 - 21:00<br/>Sat: 08:00 - 22:00
165	Boutique Traveler	Landmark/Attraction	[-122.4702, 37.78407]	Mon-Sun: 08:00 - 20:00
166	Boxer Stadium	Sport Facility/Venue	[-122.44497, 37.722975]	N/A
167	Branchcomb Studio	Sights & Museums	[-122.41206, 37.7368]	N/A
168	Bridge Charter Partners	Transport	[-122.47126, 37.7618]	Mon-Fri: 10:00 - 16:00
169	Bright Stripe Tours	Landmark/Attraction	[-122.41551, 37.74869]	Mon, Tue, Thu, Fri: 10:00 - 17:00<br/>Sat: 11:00 - 14:00
170	Brisbane Baylands	Business & Services	[-122.40335, 37.68354]	N/A
171	Britex Fabrics	Shop	[-122.40406, 37.78861]	Mon-Sat: 10:00 - 18:00
172	Broadway Tunnel	Landmark/Attraction	[-122.417862, 37.796385]	Mon-Sun: 00:00 - 24:00
173	Broderick Terry Duel	Sights & Museums	[-122.48513, 37.70922]	N/A
174	Broderick-Terry Duel Site	Landmark/Attraction	[-122.485239, 37.714779]	N/A
175	Bronze Lion	Landmark/Attraction	[-122.48102, 37.769638]	N/A
176	Bronze Sundial	Landmark/Attraction	[-122.48102, 37.769638]	N/A
177	Brooks Brothers	Clothing & Accessories	[-122.40461, 37.78906]	Mon-Sat: 10:00 - 19:00<br/>Sun: 11:00 - 18:00
178	Buddha's Universal Church	Religious Place	[-122.40536, 37.79544]	Mon-Thu: 10:00 - 15:00
179	Buddhist Association of America Norras Temple	Religious Place	[-122.40707, 37.79439]	N/A
180	Buena Vista Park	Recreation	[-122.44256, 37.76592]	N/A
181	Buffalo Exchange	Clothing & Accessories	[-122.44781, 37.7696]	Mon-Sun: 11:00 - 20:00
182	Buich Building	Landmark/Attraction	[-122.39948, 37.79356]	N/A
183	Building 35	Landmark/Attraction	[-122.45988, 37.78855]	N/A
184	Bullock and Jones	Department Store	[-122.40637, 37.78874]	N/A
185	Burke Williams	Hospital or Healthcare Facility	[-122.40614, 37.7841]	Mon-Fri: 09:00 - 20:00<br/>Sat: 08:00 - 20:00
186	Cable Car Barn	Landmark/Attraction	[-122.41118, 37.79474]	N/A
187	Cable Car Clothiers	Clothing & Accessories	[-122.40099, 37.79125]	Mon-Fri: 09:00 - 18:00<br/>Sat: 11:00 - 17:00
188	Cable Car Museum	Museum	[-122.41192, 37.79488]	Mon-Sun: 10:00 - 18:00
189	Cabrio Taxi Pedicabs	Transport	[-122.38649, 37.78922]	Mon-Sun: 08:00 - 23:30
190	Caldwell Snyder Gallery	Museum	[-122.40603, 37.78952]	Mon-Sun: 10:00 - 06:00
191	California Academy of Science Rainforest Exhibit	Museum	[-122.46676, 37.77008]	N/A
192	California Academy of Sciences	Museum	[-122.466083, 37.769781]	N/A
193	California Historical Society	Sights & Museums	[-122.401545, 37.786787]	Tue-Fri, Sun: 11:00 - 17:00<br/>Sat: 12:00 - 17:00
194	California Parlor Car Tours	Sights & Museums	[-122.40864, 37.78924]	Mon-Fri: 10:00 - 19:00
195	California Preservation Foundation	Landmark/Attraction	[-122.392238, 37.79386]	N/A
196	California Sightseeing Tours	Landmark/Attraction	[-122.40036, 37.7461]	N/A
197	California Street	Sights & Museums	[-122.393162, 37.793975]	N/A
198	Camellia Garden	Sport Facility/Venue	[-122.45612, 37.7733]	N/A
199	Camera Obscura	Sights & Museums	[-122.51436, 37.77845]	Mon-Sun: 11:00 - 17:00
200	Candlestick Park	Going Out	[-122.386189, 37.711151]	N/A
201	Candlestick Point State Rec Area	Recreation	[-122.38156, 37.71295]	Mon-Sun: 08:00 - 17:00
202	Canton Bazaar	DIY/garden centre	[-122.40587, 37.7931]	Mon-Sun: 10:00 - 22:00
203	Capp Street Project Murals	Landmark/Attraction	[-122.40625, 37.77937]	N/A
204	Carlos Santana Mural	Landmark/Attraction	[-122.4195, 37.76035]	N/A
205	Carnaval Mural	Landmark/Attraction	[-122.4132, 37.76029]	N/A
206	Carousel-Golden Gate Park	Theme Park	[-122.45874, 37.76859]	Mon-Sun: 10:30 - 16:00
207	Cartoon Art Museum	Sights & Museums	[-122.42167, 37.80622]	Mon, Tue, Thu-Sun: 11:00 - 17:00
208	Cary Lane	Clothing & Accessories	[-122.4232, 37.76469]	Mon-Sat: 11:00 - 19:00<br/>Sun: 12:00 - 18:00
209	Casa Bonampak	Shop	[-122.420849, 37.755955]	Mon: 10:00 - 17:00<br/>Tue-Thu: 11:00 - 20:00<br/>Fri, Sat: 11:00 - 22:00<br/>Sun: 10:00 - 20:00
210	Castro Camera	Business & Services	[-122.43453, 37.75977]	N/A
211	Castro District San Francisco City	Landmark/Attraction	[-122.435641, 37.760975]	N/A
212	Castro Plaza	Restaurant	[-122.43539, 37.76242]	N/A
213	Castro Theatre	Theatre, Music & Culture	[-122.43508, 37.76199]	N/A
214	Castro: Tales of the Village	Landmark/Attraction	[-122.43324, 37.76194]	N/A
215	Catharine Clark Gallery	Museum	[-122.406766, 37.766427]	Tue, Wed, Fri, Sat: 11:00 - 18:00<br/>Thu: 11:00 - 19:00
216	Cca Wattis Inst Contemporary Arts	Museum	[-122.4039, 37.76523]	Tue-Sat: 12:00 - 18:00
217	Ccba Building	Government or Community Facility	[-122.40818, 37.79373]	N/A
218	Chapel of Our Lady	Religious Place	[-122.459849, 37.798339]	N/A
219	Cheese School of San Francisco	Educational Facility	[-122.42292, 37.80585]	Mon-Sun: 11:00 - 20:00
220	Chenery House	Museum	[-122.42504, 37.74118]	Mon-Thu: 11:00 - 15:00
221	Chez Hanny	Theatre, Music & Culture	[-122.41009, 37.73094]	N/A
222	Children's Creativity Museum	Museum	[-122.40193, 37.78328]	Wed-Sun: 10:00 - 16:00
223	China Beach	Recreation	[-122.49011899999999, 37.787774]	N/A
224	China Town Arch	Landmark/Attraction	[-122.40573, 37.79021]	N/A
225	Chinatown Alleys	Landmark/Attraction	[-122.40469, 37.79236]	N/A
226	Chinatown Alleyway Tours	Sights & Museums	[-122.40514, 37.79491]	Mon, Wed, Fri, Sat: 11:00 - 13:00<br/>Tue, Thu: 14:00 - 16:00
227	Chinatown Gate	Sights & Museums	[-122.40552, 37.79058]	Mon-Sun: 00:00 - 24:00
228	Chinatown Kite Shop	Shop	[-122.40636, 37.79365]	Mon-Fri: 10:00 - 19:00<br/>Sat, Sun: 10:00 - 21:00
229	Chinatown Walking Tour	Sights & Museums	[-122.4058, 37.79034]	Mon-Sun: 11:00 - 13:00
230	Chinese Culture Ctr-San Francisco	Museum	[-122.40488, 37.79503]	Tue-Sat: 10:00 - 16:00
231	Chinese Historical Society	Sights & Museums	[-122.40888, 37.79393]	Wed-Sun: 11:00 - 16:00
232	Chinese Telephone Exchange	Landmark/Attraction	[-122.40624, 37.79507]	N/A
233	Chinese United Methodist Church	Religious Place	[-122.4084, 37.79504]	N/A
234	Ciencia Pública: Agua	Recreation	[-122.42104, 37.7531]	N/A
235	Cinta Aveda Institute	Business & Services	[-122.40421, 37.7909]	Mon-Fri: 09:15 - 19:00<br/>Sat: 08:45 - 19:30
236	Circus Center	Sport Facility/Venue	[-122.45696, 37.76555]	Mon-Fri: 09:00 - 21:00<br/>Sat, Sun: 09:30 - 14:30
237	City Art	Shop	[-122.42139, 37.75956]	Wed, Thu: 12:00 - 21:00<br/>Fri: 12:00 - 22:00<br/>Sat: 11:00 - 22:00<br/>Sun: 11:00 - 21:00
238	City Clues Adventures	Sights & Museums	[-122.40548, 37.79194]	N/A
239	City Kayak	Sport Facility/Venue	[-122.388048, 37.781592]	Mon-Sun: 12:00 - 17:00
240	City Music Tours San Francisco - Day Tours	Sights & Museums	[-122.40919, 37.79779]	N/A
241	City Segway Tours of San Francisco	Landmark/Attraction	[-122.417824, 37.807468]	Mon-Sun: 09:00 - 18:00
242	City Sightseeing San Francisco	Going Out	[-122.41949, 37.8064]	Mon-Sun: 08:30 - 19:00
243	City at Large III	Landmark/Attraction	[-122.398574, 37.786856]	N/A
244	Citysightseeing	Landmark/Attraction	[-122.38813, 37.7217]	N/A
245	Citytrek	Sport Facility/Venue	[-122.45363, 37.78131]	Mon-Fri: 09:00 - 17:00
246	Clarke's Mansion	Sights & Museums	[-122.43925, 37.75949]	N/A
247	Claude Lane Murals	Landmark/Attraction	[-122.40448, 37.79003]	N/A
248	Clay Street Center	Landmark/Attraction	[-122.40885, 37.79376]	N/A
249	Clayton & Haight Mural	Landmark/Attraction	[-122.44831, 37.76996]	N/A
250	Cliff House	Restaurant	[-122.51443, 37.77841]	Mon-Sat: 09:00 - 21:30<br/>Sun: 08:30 - 21:30
251	Clocktower Lofts Owners	Landmark/Attraction	[-122.39404, 37.78362]	N/A
252	Club Rausch	Museum	[-122.4148, 37.72547]	N/A
253	Coachella Collective Headquarters	Accommodation	[-122.42773, 37.71778]	N/A
254	Coastal Trail	Sport Facility/Venue	[-122.47575, 37.80864]	N/A
255	Cobb's Comedy Club	Theatre, Music & Culture	[-122.41433, 37.80289]	Wed: 13:00 - 18:00<br/>Thu-Sun: 16:00 - 18:00
256	Code 3 Limousine & Transportation	Transport	[-122.4764, 37.74284]	Mon-Sun: 00:00 - 24:00
257	Coit Tower	Sights & Museums	[-122.40585, 37.80274]	Mon-Fri, Sun: 10:00 - 18:00<br/>Sat: 09:00 - 18:00
258	Cole & Haight Mural	Landmark/Attraction	[-122.45092, 37.76976]	N/A
259	Cole Valley Pets	Shop	[-122.449748, 37.76555]	Mon-Sun: 11:00 - 18:00
260	Colma Historical Association	Museum	[-122.45643, 37.68232]	N/A
261	Colonial Historic Trees	Sights & Museums	[-122.47716, 37.767369]	N/A
262	Columbus Avenue	Sights & Museums	[-122.41141, 37.80128]	N/A
263	Columbus Cyclery	Outdoor Sports	[-122.41309, 37.80212]	Mon-Sun: 08:00 - 20:00
264	Columbus Tower	Landmark/Attraction	[-122.40499, 37.79655]	N/A
265	Come Out To the Castro Tour	Sights & Museums	[-122.43468, 37.75943]	N/A
266	Comfort Transportation	Transport	[-122.47862, 37.74363]	Mon-Sun: 06:00 - 23:00
267	Commercial Street	Landmark/Attraction	[-122.40544, 37.79405]	N/A
268	Concourse Exhibition Center	Fair & Convention Facility	[-122.404951, 37.771086]	N/A
269	Congregation Emanu-El	Religious Place	[-122.45979, 37.78734]	Mon-Fri: 09:00 - 17:30
270	Consulate General of Mexico, San Francisco	Landmark/Attraction	[-122.3955, 37.78667]	N/A
271	Contemporary Jewish Museum	Museum	[-122.40355, 37.78584]	Mon, Tue, Fri-Sun: 11:00 - 17:00<br/>Thu: 11:00 - 20:00
272	Cool Doggy-O's	Shop	[-122.40714, 37.80002]	N/A
273	Corona Heights Park	Recreation	[-122.44154, 37.76545]	N/A
274	Corpex Chauffeured Services	Transport	[-122.47255, 37.68734]	Mon-Sun: 00:00 - 24:00
275	Corporate Goddesses	Landmark/Attraction	[-122.40414, 37.79297]	N/A
276	Country Boy Outdoors Guide Service	Landmark/Attraction	[-122.47862, 37.74363]	Mon-Fri: 09:00 - 17:00<br/>Sat: 10:00 - 17:00
277	Cover To Cover	Book Shop	[-122.43377, 37.75102]	Mon-Sat: 10:00 - 21:00<br/>Sun: 10:00 - 18:00
278	Covet	Clothing & Accessories	[-122.45929, 37.7834]	Mon-Sat: 11:00 - 18:00<br/>Sun: 10:00 - 15:00
279	Cow Palace	Sport Facility/Venue	[-122.41624, 37.70721]	Mon-Fri: 08:00 - 17:00
280	Cozymeal	Educational Facility	[-122.38859, 37.77159]	Mon-Sun: 00:00 - 24:00
281	Crafty Cask	Landmark/Attraction	[-122.44632, 37.76995]	Mon-Sun: 08:00 - 18:00
282	Crazy Dash Digital Adventures	Landmark/Attraction	[-122.394674, 37.794595]	N/A
283	Crissy Field	Theme Park	[-122.458501, 37.804581]	Mon-Sun: 07:58 - 19:00
284	Crocker Bank Building	Landmark/Attraction	[-122.40242, 37.78925]	N/A
285	Crocker Galleria	Shopping Centre	[-122.402927, 37.789128]	Mon-Fri: 10:00 - 18:00<br/>Sat: 10:00 - 17:00
286	Crown Zellerbach Building	Landmark/Attraction	[-122.39423, 37.79337]	N/A
287	Cruises and Beyond	Travel Agency	[-122.45364000000001, 37.7439]	Mon-Fri: 09:00 - 17:00
288	Cruisin' the Castro Tours	Landmark/Attraction	[-122.4325, 37.76144]	Mon-Sun: 08:00 - 20:00
289	Cupid's Span	Recreation	[-122.39012, 37.791546]	N/A
290	Cycles of History, San Francisco	Sights & Museums	[-122.42214, 37.76449]	N/A
291	Cypress Lawn Funeral Home & Memorial Park	Recreation	[-122.45551, 37.67208]	Mon-Fri: 08:00 - 17:00<br/>Sat, Sun: 08:30 - 17:00
292	Cypress Lawn Heritage Foundation	Religious Place	[-122.45542, 37.67329]	N/A
293	Dahlia Garden	Recreation	[-122.45612, 37.7733]	N/A
294	Dance Brigade's Dance Mission Theater	Dance or Nightclub	[-122.41886, 37.75232]	Mon-Wed: 10:00 - 21:30<br/>Thu: 10:00 - 19:00<br/>Fri: 10:00 - 18:00<br/>Sat: 08:30 - 15:00
295	Dandelion	Book Shop	[-122.407666, 37.768838]	Mon-Sat: 10:00 - 18:00
296	David Ireland House	Museum	[-122.41818, 37.75856]	Wed-Fri: 11:00 - 17:30<br/>Sat: 12:00 - 17:00
297	Davies Symphony Hall	Theatre, Music & Culture	[-122.419907, 37.777348]	Mon-Fri: 10:00 - 18:00<br/>Sat: 12:00 - 18:00
298	De Young Mem'l Msm-Golden Gate Park	Sights & Museums	[-122.46795, 37.77117]	Tue-Sun: 09:30 - 17:15
299	Defenestration Building	Sights & Museums	[-122.39928, 37.78565]	N/A
300	Dewey Monument	Landmark/Attraction	[-122.402409, 37.789204]	N/A
301	Diego Rivera Mural	Sights & Museums	[-122.452215, 37.723952]	Mon-Thu: 10:00 - 16:00
302	Different Fur Studios	Going Out	[-122.42089, 37.76033]	N/A
303	Dijital Fix	Electronics	[-122.421535, 37.759724]	N/A
304	Discolandia	Shop	[-122.411587, 37.752795]	N/A
305	Discount Tix SF	Tourist Information	[-122.40959, 37.79972]	Mon-Sun: 10:00 - 19:00
306	Disney Cruise Wonder	Business & Services	[-122.405202, 37.806825]	N/A
307	Distilled Man	Educational Facility	[-122.43193, 37.76468]	N/A
308	Distractions	Clothing & Accessories	[-122.44784, 37.77017]	Mon-Fri, Sun: 11:00 - 19:00<br/>Sat: 11:00 - 20:00
309	Doc Miles Photo Tours	Business & Services	[-122.45477, 37.79486]	Mon-Sun: 04:00 - 23:00
310	Doggie Diner	Snacks/Fast food	[-122.50292, 37.73567]	N/A
311	Dogpatch Boulders	Sport Facility/Venue	[-122.38775, 37.75707]	Mon-Thu: 06:30 - 23:00<br/>Fri: 06:30 - 22:00<br/>Sat, Sun: 10:00 - 19:00
312	Dogpatch Wineworks	Theatre, Music & Culture	[-122.38815, 37.75844]	Sun: 12:00 - 18:00
313	Dolores Park	Recreation	[-122.426148, 37.759678]	Mon-Sun: 06:00 - 22:00
314	Donahue Monument	Sights & Museums	[-122.39919, 37.79098]	N/A
315	Donaldina Cameron House	Landmark/Attraction	[-122.40841, 37.79335]	N/A
316	Doolan-Larson Residence and Storefronts	Landmark/Attraction	[-122.44724, 37.7701]	N/A
317	Doughboy	Landmark/Attraction	[-122.468518, 37.772583]	N/A
318	Dr. Sun Yat-Sen Memorial Hall of San Francisco	Landmark/Attraction	[-122.410338, 37.80545]	N/A
319	Drag Me Along Tours	Tourist Information	[-122.40514, 37.79491]	N/A
320	Dragon Limo SF	Transport	[-122.40934, 37.72636]	Mon-Sun: 00:00 - 24:00
321	Dragon's Gate	Landmark/Attraction	[-122.405704, 37.790544]	N/A
322	Dream Mural	Landmark/Attraction	[-122.409, 37.73692]	N/A
323	Dubbelju Motorcycle Rentals	Car Hire	[-122.41649, 37.76411]	Mon-Sat: 09:00 - 18:00
324	Dunhill	Shop	[-122.4062, 37.78884]	N/A
325	Dutch Windmill-Golden Gate Park	Sights & Museums	[-122.50945, 37.77002]	N/A
326	Dylan's Tours	Sights & Museums	[-122.4125, 37.80192]	Mon-Sun: 07:30 - 21:00
327	E J Conner	Museum	[-122.39758, 37.78527]	N/A
328	E-Bike Tours of America	Shop	[-122.42292, 37.80585]	Mon-Sun: 09:00 - 17:00
329	Eaglerider Motorcycle Rentals	Car Hire	[-122.40723, 37.77258]	Mon-Sun: 09:00 - 17:00
330	East West Leather	Shop	[-122.40714, 37.80002]	N/A
331	Echo Base	Landmark/Attraction	[-122.4219, 37.75741]	N/A
332	Edge of the World Tours	Sights & Museums	[-122.47917, 37.79343]	Mon-Sun: 07:00 - 22:00
333	Edible Excursions	Landmark/Attraction	[-122.4435, 37.72042]	N/A
334	El Corzon de la Mission	Landmark/Attraction	[-122.40917, 37.75268]	N/A
335	Eldorado's Bay Area Limo and Car Service	Transport	[-122.47896, 37.71858]	Mon-Sun: 04:00 - 23:30
336	Eleanor Harwood Gallery	Museum	[-122.41069, 37.75115]	N/A
337	Electric Tour Company Segway Tours	Recreation	[-122.42134, 37.80626]	Mon-Wed: 08:00 - 18:00<br/>Thu-Sun: 08:00 - 21:00
338	Elizabethw	Shop	[-122.42292, 37.80585]	Mon-Thu, Sun: 10:00 - 19:00<br/>Fri, Sat: 10:00 - 21:00
339	Embarcadero Center	Shopping Centre	[-122.396435, 37.794776]	Mon-Fri: 10:00 - 19:00<br/>Sat: 10:00 - 18:00<br/>Sun: 12:00 - 17:00
340	Emerald Farm Tours	Business & Services	[-122.47862, 37.74363]	Mon-Sun: 09:00 - 17:00
341	Emperor Norton's Fantastic San Francisco Time Machine	Sights & Museums	[-122.40186, 37.80153]	Thu, Sat: 14:30 - 17:30
342	Encantada Gallery of Fine Art	Museum	[-122.42152, 37.75825]	N/A
343	Encounter	Landmark/Attraction	[-122.39472, 37.787303]	N/A
344	Engine Company 33	Landmark/Attraction	[-122.45675, 37.71291]	N/A
345	Epic Limousine	Tourist Information	[-122.47255, 37.68734]	Mon-Sat: 09:00 - 21:00
346	Eric's VIP Tours	Sights & Museums	[-122.39569, 37.75849]	N/A
347	Escapesf	Recreation	[-122.40445, 37.79369]	Mon-Fri, Sun: 11:00 - 23:00<br/>Sat: 10:00 - 23:00
348	Evil Eye Pictures	Communications/Media	[-122.39303, 37.779560000000004]	N/A
349	Evolve Executive Car Services	Transport	[-122.39983, 37.78749]	Mon-Sun: 00:00 - 24:00
350	Exotic Getaway Travel	Travel Agency	[-122.411727, 37.718968]	Mon-Sat: 08:00 - 21:00<br/>Sun: 08:00 - 20:00
351	Exploratorium	Museum	[-122.39869, 37.80113]	Thu: 18:00 - 22:00
352	Explore San Francisco	Tourist Information	[-122.43256, 37.76508]	Mon-Sat: 11:00 - 19:00
353	Extranomical Tours	Tourist Information	[-122.40287, 37.77869]	Mon-Sun: 05:00 - 22:00
354	Factory 525	Shop	[-122.39336, 37.78537]	N/A
355	Far Fung Places	Travel Agency	[-122.44954, 37.77277]	Mon-Fri: 09:00 - 17:00
356	Fat Tire Planet	Theatre, Music & Culture	[-122.41091, 37.80252]	N/A
357	Fay Park	Recreation	[-122.41787, 37.80303]	N/A
358	Federal Reserve Bank Building	Government or Community Facility	[-122.40078, 37.79428]	N/A
359	Ferry Building Marketplace	Shopping Centre	[-122.39382, 37.79521]	N/A
360	Figoni Hardware	Shop	[-122.40749, 37.79939]	N/A
361	Filbert Steps	Going Out	[-122.40343, 37.80199]	N/A
362	Find Tix	Service	[-122.40434, 37.8068]	Mon-Sun: 08:00 - 20:00
363	Finding San Francisco: A Scavenger Tour	Sights & Museums	[-122.42809, 37.74158]	N/A
364	Fine Arts Museums of San Francisco	Museum	[-122.46802, 37.77128]	N/A
365	Finnegans Wake	Bar/Pub	[-122.45015, 37.76529]	Mon-Sun: 11:30 - 02:00
366	Fire Hydrant Plug Preserve	Landmark/Attraction	[-122.402704, 37.683792]	N/A
367	First Republic Bank	Landmark/Attraction	[-122.451463, 37.798715]	N/A
368	Fishbowl	Clothing & Accessories	[-122.42516, 37.76445]	Mon-Sun: 14:00 - 02:00
369	Fisherman's Wharf	Sights & Museums	[-122.41562, 37.80826]	N/A
370	Fishermans Wharf Tourist Scavenger Hunt	Recreation	[-122.415637, 37.808341]	Mon-Sun: 07:00 - 20:00
371	Fitness Break	Sport Facility/Venue	[-122.3989, 37.79176]	N/A
372	Flax Art & Design	Shop	[-122.42188, 37.77224]	Mon-Sat: 09:30 - 19:00
373	Fliptout Gaming	Going Out	[-122.46642, 37.70554]	Mon-Thu: 18:00 - 21:00<br/>Fri: 18:00 - 22:00<br/>Sat: 17:00 - 22:00<br/>Sun: 10:00 - 21:00
374	Flowers That Bloom at Midnight	Landmark/Attraction	[-122.39616, 37.78745]	N/A
375	Flycasting Club	Landmark/Attraction	[-122.499165, 37.768435]	N/A
376	Fog City Sailing	Business & Services	[-122.41091, 37.80252]	Mon-Thu: 09:00 - 17:00<br/>Fri-Sun: 09:00 - 20:00
377	Folger Coffee Company Building	Landmark/Attraction	[-122.39252, 37.79088]	N/A
378	Food Afoot	Landmark/Attraction	[-122.47148, 37.78117]	N/A
379	Food Guru Graceann Walden's Walking Tours	Food & Drink	[-122.41091, 37.80252]	N/A
380	Foodie Adventures	Food & Drink	[-122.40317, 37.79004]	Mon-Sat: 09:00 - 17:00
381	Foods of SF Walking Tours	Landmark/Attraction	[-122.47868, 37.74434]	N/A
382	Foot Reflexology Center	Business & Services	[-122.40622, 37.79622]	Mon-Sun: 10:30 - 21:00
383	Foragesf Wild Food Walks	Landmark/Attraction	[-122.41838, 37.7486]	N/A
384	Fort Baker	Recreation	[-122.47943, 37.8375]	N/A
385	Fort Funston	Recreation	[-122.499401, 37.713798]	N/A
386	Fort Gunny Bags Headquaters	Landmark/Attraction	[-122.396759, 37.794724]	N/A
387	Fort Mason Center	Theatre, Music & Culture	[-122.432264, 37.805322]	Mon-Sun: 09:00 - 20:00
388	Fort Miley	Recreation	[-122.508804, 37.78236]	N/A
389	Fort Point	Museum	[-122.39858, 37.79413]	N/A
390	Fort Point National Historic Site	Museum	[-122.47652, 37.81021]	Fri-Sun: 10:00 - 17:00
391	Francis Scott Key Monument	Landmark/Attraction	[-122.466536, 37.770605]	N/A
392	Francisco Street Steps	Going Out	[-122.40802, 37.80519]	N/A
393	Freedom Archives	Landmark/Attraction	[-122.42214, 37.76449]	N/A
394	Friday Nights at the de Young	Museum	[-122.46802, 37.77128]	N/A
395	Friedel Klussmann Mem'l Turnaround	Tourist Information	[-122.42131, 37.8071]	N/A
396	Frisco Limousines	Transport	[-122.397179, 37.785003]	Mon-Sun: 00:00 - 24:00
397	Frontier Limousine	Transport	[-122.403482, 37.793587]	Mon-Sun: 09:00 - 09:00
398	Fuchsia Dell	Sport Facility/Venue	[-122.45612, 37.7733]	N/A
399	Fumiki Fine Asian Arts	Shop	[-122.40508, 37.78995]	N/A
400	GLBT Historical Society	Museum	[-122.40084, 37.78671]	Tue-Sat: 13:00 - 17:00
401	GLBT History Museum	Sights & Museums	[-122.43565, 37.76065]	Mon, Wed: 11:00 - 18:00<br/>Tue: 11:00 - 17:00<br/>Thu: 22:00 - 01:00<br/>Fri, Sat: 09:00 - 17:00
402	Galeria de la Raza	Museum	[-122.40917, 37.75268]	Tue-Sat: 12:00 - 18:00
403	Gallery of Ethnic Art	Shop	[-122.4064, 37.79739]	N/A
404	Garden of Cosmic Speculation	Landmark/Attraction	[-122.40724, 37.75889]	N/A
405	Gears and Grapes Getaways	Food & Drink	[-122.39402, 37.77838]	Mon-Sun: 00:00 - 23:59
406	Gefen Fine Art	Shop	[-122.40558, 37.78923]	Mon-Sun: 09:00 - 19:30
407	General Douglas MacArthur Tunnel	Landmark/Attraction	[-122.469545, 37.793829]	N/A
408	Genius Loci Tours	Landmark/Attraction	[-122.40919, 37.80196]	Mon-Sun: 09:00 - 17:00
409	Gigi Limousine	Transport	[-122.43777, 37.7453]	Mon-Sun: 06:00 - 00:00
410	Giorgio Armani	Clothing & Accessories	[-122.40655, 37.7888]	N/A
411	Gizmo Art Production	Sights & Museums	[-122.40795, 37.76696]	Mon-Fri: 08:00 - 16:30
412	Glide Memorial United Methodist Church	Religious Place	[-122.4117, 37.78529]	N/A
413	Global Exchange Reality Tours	Landmark/Attraction	[-122.4193, 37.76483]	N/A
414	Globus Slavic Bookstore	Book Shop	[-122.46246, 37.77755]	Wed-Sun: 12:00 - 17:00
415	Go Napa Tours	Transport	[-122.48347, 37.77984]	Mon-Sun: 00:00 - 24:00
416	Goddess of Democracy	Landmark/Attraction	[-122.405186, 37.794821999999996]	N/A
417	Gold Country	Sights & Museums	[-122.39713, 37.793414]	N/A
418	Gold Mountain Monastery	Religious Place	[-122.406292, 37.793501]	N/A
419	Golden Gate Bridge	Sights & Museums	[-122.47842, 37.81827]	Mon-Sun: 00:00 - 24:00
420	Golden Gate Bridge Toll Plaza	Landmark/Attraction	[-122.475935, 37.807683]	N/A
421	Golden Gate Bridge Welcome Center	Library	[-122.40048, 37.79573]	N/A
422	Golden Gate Excursions	Landmark/Attraction	[-122.39452, 37.76473]	N/A
423	Golden Gate Fortune Cookies Co	Sights & Museums	[-122.40739, 37.79574]	Mon-Sun: 08:00 - 18:00
424	Golden Gate Heights Park	Recreation	[-122.468655, 37.75061]	N/A
425	Golden Gate Jeep Tours	Sights & Museums	[-122.41286, 37.80619]	Mon-Fri: 07:00 - 18:00
426	Golden Gate Junior Olympic Archery Development - Joad	Sport Facility/Venue	[-122.507648, 37.770595]	N/A
427	Golden Gate Model Railroad Club	Museum	[-122.43865, 37.76417]	N/A
428	Golden Gate National Recreation Area	Recreation	[-122.504508, 37.834287]	N/A
429	Golden Gate Overlook	Sights & Museums	[-122.477299, 37.803037]	N/A
430	Golden Gate Park	Recreation	[-122.45414, 37.77144]	N/A
431	Golden Gate Park Panhandle	Recreation	[-122.447801, 37.772326]	N/A
432	Golden Gate Park Segway Rentals	Car Hire	[-122.49069, 37.77577]	Mon-Sun: 10:00 - 18:00
433	Golden Gate Park Segway Tours	Landmark/Attraction	[-122.468759, 37.770759]	Mon-Sun: 09:00 - 17:00
434	Golden Gate Park Skate & Bike	Outdoor Sports	[-122.464636, 37.773639]	Mon-Sun: 10:00 - 18:00
435	Golden Gate Park Tennis Center	Sport Facility/Venue	[-122.468518, 37.772583]	Mon-Sun: 05:00 - 19:00
436	Golden Gate Pedicab	Tourist Information	[-122.397979, 37.799184]	N/A
437	Golden Gate Promenade	Sights & Museums	[-122.44731, 37.80518]	N/A
438	Golden Gate Wine Cellars	Shop	[-122.4689, 37.72947]	Mon: 06:00 - 12:00<br/>Tue-Sat: 06:00 - 17:00
439	Golden Horizon Travel	Travel Agency	[-122.47363, 37.78868]	Mon-Fri: 09:00 - 19:00<br/>Sat, Sun: 09:00 - 17:00
440	Golden Triangle Light Standards	Sights & Museums	[-122.40014, 37.7903]	N/A
441	Good Luck Parking Garage	Landmark/Attraction	[-122.409376, 37.798366]	N/A
442	Good Time Travelers	Transport	[-122.48712, 37.74213]	Mon-Sun: 07:00 - 06:30
443	Gordon Parks Centennial	Sights & Museums	[-122.408402, 37.789381]	N/A
444	Grace Cathedral	Sights & Museums	[-122.41333, 37.79153]	Mon-Fri: 07:00 - 18:00<br/>Sat: 08:00 - 18:00<br/>Sun: 08:00 - 19:00
445	Grand Central Station Antiques	Shop	[-122.40645, 37.74201]	Mon, Wed-Fri: 11:00 - 19:00<br/>Sat, Sun: 12:00 - 17:00
446	Grand National Rodeo Horse & Stock Show	Sport Facility/Venue	[-122.41988, 37.70567]	Thu: 08:00 - 22:00<br/>Fri: 08:00 - 19:00<br/>Sat: 08:00 - 17:00<br/>Sun: 08:00 - 16:00
447	Grand Pacheco Stairway	Sights & Museums	[-122.462233, 37.746261]	N/A
448	Grand View Park	Recreation	[-122.471175, 37.755341]	Mon-Sun: 05:00 - 00:00
449	Grant Ave	Landmark/Attraction	[-122.40851, 37.79137]	N/A
450	Grant Avenue	Sights & Museums	[-122.40671, 37.79791]	N/A
451	Grape Buzz	Transport	[-122.400221, 37.781441]	N/A
452	Grateful Dead House	Sights & Museums	[-122.44662, 37.76865]	N/A
453	Great Highway	Landmark/Attraction	[-122.508782, 37.751313]	N/A
454	Great Star Theater	Cinema	[-122.40579, 37.79638]	Mon-Sun: 12:00 - 18:00
455	Greater Farallones National Marine Sanctuary - Visitor Center	Educational Facility	[-122.476412, 37.809694]	Wed-Sun: 10:00 - 16:00
456	Greek Observatory Los Angeles	Museum	[-122.4061, 37.78179]	N/A
457	Green Apple Books	Book Shop	[-122.4647, 37.78319]	Mon-Thu, Sun: 10:00 - 22:30<br/>Fri, Sat: 10:00 - 23:30
458	Green Dream Tours-Wine Country Tour Specialist	Food & Drink	[-122.50303, 37.77588]	Mon-Sun: 07:00 - 21:00
459	Green Hills San Francisco City Tours	Landmark/Attraction	[-122.395522, 37.788336]	Mon-Sun: 08:00 - 19:00
460	Green Hills Tours	Landmark/Attraction	[-122.39179, 37.79119]	Mon-Sun: 07:00 - 21:30
461	Green Tortoise Adventure Travel	Hostel	[-122.40539, 37.79826]	Mon-Sat: 09:00 - 18:00
462	Greenwich Steps	Sights & Museums	[-122.406012, 37.802096]	N/A
463	Gregangelo Museum	Sights & Museums	[-122.46843, 37.7327]	Mon-Fri: 11:00 - 18:00<br/>Sat: 11:00 - 14:00
464	Gregangelo's Velocity Circus	Museum	[-122.46843, 37.7327]	N/A
465	Gucci	Clothing & Accessories	[-122.40647, 37.78819]	Mon-Sat: 10:00 - 19:00<br/>Sun: 12:00 - 18:00
466	Guideyou	Landmark/Attraction	[-122.41756, 37.80678]	Mon-Fri: 09:00 - 17:30
467	Gump's	DIY/garden centre	[-122.40428, 37.78855]	N/A
468	HHM	Museum	[-122.50321, 37.77985]	N/A
469	Haas-Lilienthal House	Sights & Museums	[-122.42461, 37.7933]	Wed, Sat: 12:00 - 15:00<br/>Sun: 11:00 - 16:00
470	Haight Ashbury Flower Power Walking Tour	Sights & Museums	[-122.45335, 37.76825]	Tue, Sat: 10:30 - 13:00<br/>Fri: 14:00 - 16:30
471	Haight Is Luv Tour	Sights & Museums	[-122.40552, 37.794200000000004]	Tue-Sun: 09:00 - 17:00
472	Haight Street Gelato	Food & Drink	[-122.45147, 37.76962]	N/A
473	Haight-Ashbury Clock	Landmark/Attraction	[-122.44714, 37.77009]	N/A
474	Hallidie Building	Sights & Museums	[-122.40295, 37.78994]	N/A
475	Hardly, Strictly Bluegrass	Theatre, Music & Culture	[-122.480465, 37.769732]	N/A
476	Harry Street Steps	Sport Facility/Venue	[-122.43093, 37.74006]	N/A
477	Haslett Warehouse	Landmark/Attraction	[-122.42017, 37.80717]	N/A
478	Haunted Haight Walking Tour	Sights & Museums	[-122.44528, 37.76999]	Sat: 19:00 - 21:00
479	Headlands Gamble	Landmark/Attraction	[-122.41177, 37.75823]	Mon-Fri: 09:00 - 17:00
480	Heart's - San Francisco	Landmark/Attraction	[-122.407503, 37.787939]	Mon-Sun: 00:00 - 24:00
481	Hendrik Point	Recreation	[-122.48193, 37.8279]	N/A
482	Hermes and Dyonisus - Monument To Analysis	Landmark/Attraction	[-122.40169, 37.79411]	N/A
483	Heron's Head Park	Theme Park	[-122.39091, 37.72423]	N/A
484	Hidden Garden Steps	Recreation	[-122.47532, 37.7864]	Mon-Fri: 00:00 - 00:00
485	Hills Bros. Coffee Plant	Landmark/Attraction	[-122.38975, 37.7898]	N/A
486	Hills of Eternity Memorial Park	Facility	[-122.45202, 37.6769]	Mon-Fri, Sun: 08:30 - 16:00
487	Hippie Hill	Recreation	[-122.456987, 37.769461]	N/A
488	Historic Ferryboat Eureka	Sights & Museums	[-122.387853, 37.781818]	N/A
489	Historic Statues of Golden Gate Park	Recreation	[-122.480891, 37.771675]	N/A
490	Historic Streetcars	Public Transport	[-122.409185, 37.792184]	N/A
491	History Guild of Daly City/Colma & Daly City History Museum	Sights & Museums	[-122.461706, 37.705317]	Tue, Sat: 12:00 - 15:00
492	Hobnob Tours	Sights & Museums	[-122.41009, 37.79242]	N/A
493	Holocaust Memorial	Landmark/Attraction	[-122.499955, 37.785596]	N/A
494	Holocaust Memorial at California Palace of the Legion of Hono	Landmark/Attraction	[-122.49254, 37.75823]	N/A
495	Holy Trinity Greek Orthodox Church	Religious Place	[-122.48177, 37.71373]	Mon-Fri: 10:00 - 16:00
496	Holy Virgin Cathedral	Religious Place	[-122.48633, 37.78032]	N/A
497	Home Telephone Company Building	Landmark/Attraction	[-122.40573, 37.79021]	N/A
498	Hop Sing Tong Building	Landmark/Attraction	[-122.40709, 37.79469]	N/A
499	Hop on - Hop Off	Landmark/Attraction	[-122.38523, 37.73053]	N/A
500	Hopper's Hands	Landmark/Attraction	[-122.476485, 37.80984]	Mon-Sun: 00:00 - 24:00
501	Hornblower Classic Cable Cars	Sights & Museums	[-122.415583, 37.808064]	Mon-Sun: 08:00 - 17:00
502	Hotel Vitale	Hotel	[-122.3934, 37.79383]	Mon-Sun: 00:00 - 24:00
503	House of Air	Educational Facility	[-122.46879, 37.80489]	Mon-Thu: 10:00 - 21:00<br/>Fri, Sat: 10:00 - 22:00<br/>Sun: 10:00 - 20:00
504	Hua Zang Si	Religious Place	[-122.41736, 37.75576]	Mon-Sat: 11:00 - 17:00<br/>Sun: 10:00 - 17:00
505	Human Structures	Landmark/Attraction	[-122.39864, 37.78845]	N/A
506	Hunter S Thompson Crash Pad	Landmark/Attraction	[-122.4549, 37.76438]	N/A
507	Hunter's Point Shipyard	Landmark/Attraction	[-122.366911, 37.720951]	N/A
508	Hunter-Dulin Building	Landmark/Attraction	[-122.40252, 37.78976]	N/A
509	Hunters Point Shipyard Artists	Sights & Museums	[-122.36503, 37.72756]	N/A
510	Huntington Falls	Landmark/Attraction	[-122.4771, 37.77064]	N/A
511	Hyde Street Pier	Sights & Museums	[-122.42078, 37.80764]	Mon-Sun: 09:30 - 16:30
512	Immigrant Point Overlook	Sights & Museums	[-122.471699, 37.794727]	N/A
513	Incredible Adventures	Tourist Information	[-122.39804, 37.74305]	Mon-Sun: 06:00 - 21:00
514	Infantry Row	Landmark/Attraction	[-122.45971, 37.79994]	N/A
515	Ingleside Terraces Sundial	Landmark/Attraction	[-122.468826, 37.724675]	N/A
516	Intercontinental Mark Hopkins Building	Landmark/Attraction	[-122.41024, 37.7914]	N/A
517	International Hotel Manilatown Center	Hotel	[-122.40476, 37.79594]	Tue-Thu, Sat, Sun: 13:00 - 18:00<br/>Fri: 13:00 - 21:00
518	Invocation Statue	Landmark/Attraction	[-122.402593, 37.749546]	N/A
519	Isla Studio	Educational Facility	[-122.41217, 37.7609]	Mon-Sun: 09:00 - 17:00
520	Island Hop Tour	Sights & Museums	[-122.41173, 37.80858]	N/A
521	It Bookman Community Center	Theatre, Music & Culture	[-122.4669, 37.71452]	N/A
522	Italian Swiss Colony Warehouse	Landmark/Attraction	[-122.40227, 37.80286]	N/A
523	JAX Vineyards Tasting Room	Going Out	[-122.3929, 37.78151]	Tue-Fri: 16:00 - 22:00
524	Jack Early Park	Recreation	[-122.408605, 37.804942]	N/A
525	Jack Fischer Gallery	Museum	[-122.40731, 37.76551]	Mon-Sat: 11:00 - 17:30
526	Jack Kerouac Alley	Theatre, Music & Culture	[-122.406251, 37.797433]	N/A
527	Jack Kerouac's Love Shack	Landmark/Attraction	[-122.41942, 37.79854]	N/A
528	Jack's Restaurant Building	Landmark/Attraction	[-122.40346, 37.79355]	N/A
529	Jade Chocolates	Food & Drink	[-122.46448, 37.7807]	Tue-Fri: 11:15 - 19:00<br/>Sat: 11:00 - 19:00
530	Jane Warner Plaza	Sights & Museums	[-122.43489, 37.76251]	N/A
531	Japanese Tea Garden	Recreation	[-122.46934, 37.7702]	Mon-Sun: 09:00 - 16:45
532	Jasmine by Takamine S35 Acoustic Guitar	Shop	[-122.39636, 37.77617]	N/A
533	Jazz Mural	Landmark/Attraction	[-122.40721, 37.79798]	N/A
534	Jeanne D'Arc Statue	Landmark/Attraction	[-122.500081, 37.785263]	N/A
535	Jefferson Airplane House	Sights & Museums	[-122.45657, 37.77475]	N/A
536	Jerry Garcia Mural	Sights & Museums	[-122.4505, 37.77]	N/A
537	Jerusalem Shoppe	Shop	[-122.43288, 37.7639]	N/A
538	Jimi Hendrix House	Landmark/Attraction	[-122.44746, 37.77007]	N/A
539	Joe Dimaggio North Beach Playground	Recreation	[-122.4127, 37.80207]	N/A
540	John Francis Spa	Business & Services	[-122.43632, 37.761]	Tue, Thu: 11:00 - 18:00<br/>Wed, Fri: 12:00 - 19:00<br/>Sat: 11:00 - 17:00
541	John McLaren Park	Recreation	[-122.4166, 37.71832]	N/A
542	Jordan's Kitchen	Educational Facility	[-122.41904, 37.75554]	N/A
543	Joseph Baermann Strauss Statue	Landmark/Attraction	[-122.45988, 37.78855]	N/A
544	Joseph Schmidt Confections	Shop	[-122.43056, 37.76415]	N/A
545	Jpmorgan Chase Building	Landmark/Attraction	[-122.39936, 37.78886]	N/A
546	Julius Kahn Playground	Recreation	[-122.45334, 37.79085]	N/A
547	Juno	Shop	[-122.4059, 37.79325]	Mon-Sun: 10:00 - 22:00
548	Justin Herman Plaza	Natural or Geographical	[-122.394616, 37.794869]	N/A
549	Kaitours	Landmark/Attraction	[-122.41906, 37.75036]	Mon-Sun: 09:00 - 22:00
550	Karin Maru Monument	Landmark/Attraction	[-122.500081, 37.785263]	N/A
551	Kenneth Charles	Shop	[-122.40284, 37.79573]	N/A
552	Kevin Barry Fine Art	Museum	[-122.40352, 37.76811]	Mon-Fri: 09:00 - 17:00
553	Kezar Stadium	Sport Facility/Venue	[-122.45332, 37.76635]	Mon-Sun: 06:30 - 22:00
554	Kids Only	Clothing & Accessories	[-122.44888, 37.769878]	Mon-Fri: 10:30 - 18:30<br/>Sat: 10:00 - 18:00<br/>Sun: 11:00 - 17:00
555	King Tut Chariot Tours	Landmark/Attraction	[-122.407465, 37.792909]	N/A
556	King's Tours and Transportation	Landmark/Attraction	[-122.392148, 37.745843]	N/A
557	Kinokuniya Book Store	Book Shop	[-122.431579, 37.785234]	Mon-Sun: 10:30 - 20:00
558	Kite Hill Open Space	Recreation	[-122.44196, 37.75894]	N/A
559	Klayman Studio	Sights & Museums	[-122.41206, 37.7368]	N/A
560	Knitz & Leather	Clothing & Accessories	[-122.4077, 37.80033]	Tue-Sat: 11:00 - 19:00<br/>Sun: 12:00 - 17:00
561	Kong Chow Temple	Religious Place	[-122.40783, 37.79387]	Mon-Sun: 09:00 - 16:00
562	Korean War Memorial	Landmark/Attraction	[-122.46199, 37.79996]	N/A
563	Koret Children's Quarter	Sport Facility/Venue	[-122.456936, 37.767863]	N/A
564	Kundalini Yoga Center San Francisco	Business & Services	[-122.44648, 37.76921]	Mon: 19:00 - 20:30<br/>Tue-Thu: 10:00 - 20:30<br/>Fri: 09:30 - 11:00<br/>Sat: 09:00 - 12:30
565	La Petite Rose Spa	Business & Services	[-122.482279, 37.742439]	Mon-Fri: 10:00 - 19:00<br/>Sat: 10:00 - 18:00
566	Labyrinth of Cultures	Museum	[-122.40657, 37.77118]	N/A
567	Lafayette Park	Recreation	[-122.429056, 37.791235]	N/A
568	Laku	Clothing & Accessories	[-122.42063, 37.75564]	Tue-Sat: 11:00 - 19:00
569	Land's End Tour Company	Landmark/Attraction	[-122.41087, 37.80643]	Mon-Sun: 09:00 - 21:00
570	Lands End	Recreation	[-122.49408, 37.78628]	Mon-Fri: 09:00 - 17:00<br/>Sat, Sun: 09:00 - 18:00
571	Lands End Labyrinth	Landmark/Attraction	[-122.50528, 37.78707]	N/A
572	Language of the Birds	Landmark/Attraction	[-122.40668, 37.79763]	N/A
573	Lassen Tours	Tourist Information	[-122.40667, 37.78934]	Mon-Fri: 09:00 - 17:00
574	Laurel Village Shopping Center	Shopping Centre	[-122.451953, 37.786711]	N/A
575	Le Petit Trianon	Landmark/Attraction	[-122.45597, 37.78914]	N/A
576	Lee Friedlander	Museum	[-122.40791, 37.77633]	N/A
577	Legion of Honor	Cinema	[-122.499989, 37.78518]	Tue-Sun: 09:30 - 17:15
578	Lesbian, Gay, Bisexual & Transgender Pride Parade	Landmark/Attraction	[-122.395939, 37.793758]	N/A
579	Lespritsanfracisco	Landmark/Attraction	[-122.44475, 37.76903]	N/A
580	Letterform Archive	Sights & Museums	[-122.39403, 37.76376]	Mon-Fri: 10:00 - 18:00
581	Letterman Digital Arts Center	Educational Facility	[-122.448973, 37.797776]	Mon-Fri: 07:30 - 19:00
582	Levi's Plaza Park	Recreation	[-122.401738, 37.802992]	Mon-Fri: 08:00 - 19:00<br/>Sat, Sun: 10:00 - 17:00
583	Liberty Street Historic District	Landmark/Attraction	[-122.42111, 37.75865]	N/A
584	Lim Family	Landmark/Attraction	[-122.407193, 37.795519]	N/A
585	Limo Connection	Transport	[-122.39879, 37.79803]	N/A
586	Limobee	Transport	[-122.49718, 37.77829]	Mon-Sun: 07:00 - 22:00
587	Lincoln Park Steps	Landmark/Attraction	[-122.493514, 37.783487]	N/A
588	Local Friend SF	Landmark/Attraction	[-122.39423, 37.77552]	Mon-Sun: 09:00 - 22:00
589	Local Tastes of the City Tours	Sights & Museums	[-122.46871, 37.74752]	N/A
590	Lombard Gates	Landmark/Attraction	[-122.402562, 37.804252]	N/A
591	Lombard Street	Sights & Museums	[-122.41955, 37.80197]	N/A
592	Lone Mountain Steps	Landmark/Attraction	[-122.451571, 37.77818]	N/A
593	Lone Sailor	Landmark/Attraction	[-122.479964, 37.832584]	N/A
594	Lotta's Fountain	Sights & Museums	[-122.40305, 37.78799]	N/A
595	Love To Explore	Landmark/Attraction	[-122.47868, 37.74434]	Mon-Sun: 00:00 - 24:00
596	Lua Transportation	Transport	[-122.48347, 37.77984]	Mon-Sun: 06:00 - 06:00
597	Lucky Strike	Restaurant	[-122.39254, 37.77803]	Mon-Thu, Sun: 11:00 - 00:00<br/>Fri, Sat: 11:00 - 02:00
598	Luna Rienne Gallery	Museum	[-122.421276, 37.755403]	N/A
599	Lyle Tuttle Tattooing	Shop	[-122.41347, 37.80238]	Mon-Sun: 12:00 - 20:00
600	Lynne Rutter Murals and Decorative Painting	Landmark/Attraction	[-122.388185, 37.759495]	N/A
601	M.A.C. (Modern Appealing Clothing)	Clothing & Accessories	[-122.40763, 37.80001]	Mon-Sat: 11:00 - 19:00<br/>Sun: 12:00 - 18:00
602	MR. Foggy's Neighborhood Mural	Landmark/Attraction	[-122.461043, 37.783274]	N/A
603	MTR Western	Transport	[-122.40338, 37.7796]	N/A
604	Ma Tsu Temple of USA	Religious Place	[-122.40629, 37.79648]	Mon-Sun: 09:30 - 16:30
605	Macondray Lane	Sights & Museums	[-122.41408, 37.7995]	N/A
606	Madame Tussauds	Museum	[-122.41464, 37.80806]	Mon-Thu, Sun: 10:00 - 19:00<br/>Fri, Sat: 10:00 - 20:00
607	Magic Bus SF	Going Out	[-122.407988, 37.787517]	Mon, Tue, Thu, Fri: 10:30 - 12:30<br/>Sat: 10:30 - 17:00
608	Magowan's Infinite Mirror Maze	Theatre, Music & Culture	[-122.41023, 37.80885]	Mon-Sun: 10:00 - 21:00
609	Magpie Gallery	Museum	[-122.40749, 37.80115]	N/A
610	Maison Bleu Maxime le Forestier	Landmark/Attraction	[-122.42929, 37.76098]	N/A
611	Mar Vista Stable	Sport Facility/Venue	[-122.49656, 37.69949]	Mon-Sun: 08:30 - 16:00
612	Marine Cemetery Vista	Landmark/Attraction	[-122.473578, 37.788297]	N/A
613	Maritime Museum of San Francisco	Museum	[-122.423982, 37.806325]	Mon-Sun: 10:00 - 16:00
614	Maritime Wine Tasting Studio	Bar/Pub	[-122.40575, 37.79742]	Tue, Wed: 13:00 - 22:00<br/>Thu-Sat: 13:00 - 23:00<br/>Sun: 16:00 - 21:00
615	Market Street Buildings	Sights & Museums	[-122.40091, 37.78968]	N/A
616	Market Street Railway Mural	Landmark/Attraction	[-122.42895, 37.76587]	N/A
617	Marrow Gallery	Museum	[-122.46389, 37.7643]	Wed-Sat: 11:00 - 16:00<br/>Sun: 12:00 - 16:00
618	Martin Luther King, Jr. Memorial and Waterfall	Recreation	[-122.401788, 37.784163]	N/A
619	Mashouf Performing Arts Center	Theatre, Music & Culture	[-122.47708, 37.72094]	N/A
620	Matson Building	Landmark/Attraction	[-122.39646, 37.79287]	N/A
621	Max Napa Tours	Food & Drink	[-122.41651, 37.74135]	Mon-Sun: 09:00 - 19:00
622	McLellen Botanicals	Recreation	[-122.400886, 37.775075]	Mon-Sat: 07:00 - 15:00
623	Mechanics Monument	Landmark/Attraction	[-122.399183, 37.790827]	N/A
624	Mee Mee Bakery	Food & Drink	[-122.408465, 37.797864]	Mon-Sun: 08:00 - 18:00
625	Melo Limo Express	Transport	[-122.39991, 37.6815]	Mon-Sun: 00:00 - 24:00
626	Men of Vision Plaque	Landmark/Attraction	[-122.475665, 37.807146]	Mon-Sun: 00:00 - 23:59
627	Merced Manor Reservoir	Landmark/Attraction	[-122.479511, 37.734166]	N/A
628	Metreon	Sights & Museums	[-122.40361, 37.78401]	Mon-Thu, Sun: 10:30 - 20:30<br/>Fri, Sat: 10:30 - 21:30
629	Metro Trans	Transport	[-122.40544, 37.76599]	Mon-Sun: 00:00 - 24:00
630	Michael Bruno	Shop	[-122.43199, 37.76463]	N/A
631	Miguel Hidalgo	Landmark/Attraction	[-122.427866, 37.760593]	N/A
632	Military Intelligence Service Historic Learning Center	Museum	[-122.463338, 37.802971]	Sat, Sun: 12:00 - 17:00
633	Million Services Limousine	Transport	[-122.43524, 37.75959]	Mon-Sun: 07:30 - 22:30
634	Mills Building	Landmark/Attraction	[-122.40199, 37.79131]	N/A
635	Mills Building and Mills Tower	Landmark/Attraction	[-122.40199, 37.79131]	N/A
636	Minamoto Kitchoan SF	Food & Drink	[-122.40294, 37.78846]	Mon-Thu: 09:30 - 19:00<br/>Fri, Sat: 09:30 - 20:00<br/>Sun: 11:00 - 18:00
637	Mission Bay Conference Center at Ucsf	Theatre, Music & Culture	[-122.39343, 37.76808]	Mon-Sun: 07:00 - 22:00
638	Mission Cliffs	Sport Facility/Venue	[-122.41249, 37.76099]	Mon, Wed, Fri: 06:00 - 22:00<br/>Tue, Thu: 06:00 - 23:00<br/>Sat, Sun: 08:00 - 19:00
639	Mission Creek Park	Sport Facility/Venue	[-122.391842, 37.774403]	Mon-Fri: 08:00 - 16:00<br/>Sat, Sun: 08:30 - 17:30
640	Mission Cultural Center	Museum	[-122.4185, 37.75112]	Mon: 18:30 - 19:30<br/>Tue, Thu, Fri: 09:00 - 10:00<br/>Sat: 11:00 - 13:30
641	Mission Dolores	Sights & Museums	[-122.42752, 37.76455]	Mon-Sun: 09:00 - 16:00
642	Mission Food Tour -Day Tour	Sights & Museums	[-122.44439, 37.7581]	N/A
643	Mission High School	Educational Facility	[-122.427327, 37.7615]	N/A
644	Mitzvah Cable Car	Religious Place	[-122.39423, 37.79337]	N/A
645	Molinari Delicatessen	Snacks/Fast food	[-122.40782, 37.79838]	Mon-Fri: 09:00 - 18:00<br/>Sat: 09:30 - 17:30
646	Morrison Planetarium	Sights & Museums	[-122.41133, 37.80523]	N/A
647	Moscone Center	Fair & Convention Facility	[-122.401386, 37.784117]	Mon-Fri: 08:00 - 17:00
648	Most Mission & Castro Adventure	Landmark/Attraction	[-122.4244, 37.7613]	Mon: 12:00 - 15:00<br/>Sun: 14:30 - 17:30
649	Mt Olympus	Recreation	[-122.445538, 37.7633]	N/A
650	Mural Arts	Landmark/Attraction	[-122.39638, 37.7643]	N/A
651	Mural by Edward Granger	Landmark/Attraction	[-122.40071, 37.7923]	N/A
652	Murphy Windmill	Landmark/Attraction	[-122.508748, 37.764899]	N/A
653	Musee Mecanique	Going Out	[-122.41603, 37.80915]	Mon-Fri: 10:00 - 19:00<br/>Sat, Sun: 10:00 - 20:00
654	Museum	Museum	[-122.481083, 37.722045]	N/A
655	Museum Hack	Recreation	[-122.46802, 37.77128]	Mon-Sun: 06:00 - 21:00
656	Museum Park Hoa	Museum	[-122.39908, 37.78318]	N/A
657	Museum of Ophthalmology	Museum	[-122.41998, 37.80649]	N/A
658	Museum of Performance + Design	Museum	[-122.39886, 37.74561]	Tue-Thu: 13:00 - 18:00<br/>Fri: 13:00 - 17:00
659	Museum of Vision	Museum	[-122.41995, 37.80658]	N/A
660	Music Concourse	Sights & Museums	[-122.46651, 37.77262]	N/A
661	Music Concourse Community Partnership	Landmark/Attraction	[-122.468146, 37.770827]	N/A
662	Myshofer	Transport	[-122.39952, 37.78333]	Mon-Sun: 09:00 - 06:00
663	Nana-Dictta - Fine Art Mosaic Simply Green	DIY/garden centre	[-122.49904, 37.77539]	N/A
664	Napier Lane	Sights & Museums	[-122.40371, 37.80236]	N/A
665	Nat'l Aids Mem'l Grove-Gldn Gate Pk	Landmark/Attraction	[-122.4604, 37.77035]	N/A
666	National Aids Memorial Grove	Recreation	[-122.461546, 37.769667]	N/A
667	National Liberty Ship Memorial & SS O'Brien	Museum	[-122.41823, 37.8056]	N/A
668	Natural World Spa	Business & Services	[-122.47009, 37.78097]	Mon-Sun: 10:00 - 22:00
669	Nature Trip	Sights & Museums	[-122.40436, 37.76357]	Mon-Sun: 07:00 - 19:00
670	Neptune Society Columbarium	Facility	[-122.46544, 37.77919]	N/A
671	Nightlife	Museum	[-122.46676, 37.77008]	Thu: 18:00 - 22:00
672	Nite Tours	Sights & Museums	[-122.460672, 37.734108]	N/A
673	Noe Valley Farmers Market	Food & Drink	[-122.42897, 37.75136]	Sat: 08:00 - 13:00
674	North Beach Bazaar	Landmark/Attraction	[-122.41019, 37.80158]	N/A
675	Northpoint Health Club	Sport Facility/Venue	[-122.41157, 37.80634]	N/A
676	Notre Dame des Victoires School	Educational Facility	[-122.40646, 37.79111]	Mon-Fri: 08:30 - 17:00
677	Official Wine Country-City Transportation	Transport	[-122.38523, 37.73053]	Mon-Sat: 08:00 - 00:00<br/>Sun: 13:00 - 19:00
678	Oktoberfest by the Bay	Theatre, Music & Culture	[-122.387771, 37.783246]	N/A
679	Old Chronicle Building	Landmark/Attraction	[-122.40323, 37.78824]	N/A
680	Old Fire House - Engine 22	Landmark/Attraction	[-122.467, 37.76322]	N/A
681	Old St Mary's Cathedral	Sights & Museums	[-122.40568, 37.7925]	N/A
682	Olivet Memorial Park	Recreation	[-122.45501, 37.68496]	Mon-Fri: 08:00 - 17:00<br/>Sat: 09:00 - 17:00<br/>Sun: 09:00 - 16:00
683	Omnivore Books on Food	Shop	[-122.42668, 37.7476]	Mon-Sat: 11:00 - 18:00<br/>Sun: 12:00 - 17:00
684	One Lombard Street	Landmark/Attraction	[-122.40247, 37.80385]	N/A
685	One Market Plaza	Landmark/Attraction	[-122.394677, 37.794234]	Mon-Sat: 05:30 - 21:00
686	One N Only Travel Services	Travel Agency	[-122.46281, 37.78074]	Mon-Thu: 10:00 - 22:00<br/>Fri: 10:00 - 20:00<br/>Sat: 12:00 - 20:00<br/>Sun: 12:00 - 22:00
687	Open City Tours San Francisco	Sights & Museums	[-122.41584, 37.80658]	Mon-Sun: 06:00 - 19:30
688	Orchard Garden Hotel	Hotel	[-122.40518, 37.79064]	Mon-Sun: 00:00 - 24:00
689	Ordonez Gun	Landmark/Attraction	[-122.457463, 37.800123]	N/A
690	Original Tours & Events	Landmark/Attraction	[-122.40513, 37.78486]	N/A
691	Orpheum Theatre	Theatre, Music & Culture	[-122.41459, 37.77929]	Mon-Fri: 10:00 - 17:30
692	Osher Rainforest	Museum	[-122.46651, 37.7701]	N/A
693	Outspoke'n Bike Rental Company San Francisco	Shop	[-122.41602, 37.80583]	Mon-Thu: 08:00 - 17:00<br/>Fri-Sun: 08:00 - 19:00
694	Owl Museum	Sights & Museums	[-122.41159, 37.79672]	N/A
695	Oxygen Massage Therapy	Hospital or Healthcare Facility	[-122.4228, 37.75494]	Mon-Sun: 08:00 - 21:00
696	Pacific Bicycle	Outdoor Sports	[-122.40033, 37.78167]	N/A
697	Pacific Building	Landmark/Attraction	[-122.40564, 37.78464]	N/A
698	Pacific Gas and Electric Co. Station J	Landmark/Attraction	[-122.40259, 37.79408]	N/A
699	Pacific Heritage Museum	Museum	[-122.40333, 37.794309]	Tue-Sat: 10:00 - 16:00
700	Pacific Overlook	Sights & Museums	[-122.470988, 37.806069]	N/A
701	Pacific Reach	Landmark/Attraction	[-122.43193, 37.76468]	Mon-Fri: 09:00 - 17:00
702	Pacific Telephone Building	Landmark/Attraction	[-122.4, 37.78661]	N/A
703	Pacific West Regional Information Center	Landmark/Attraction	[-122.459615, 37.803603]	N/A
704	Pacifica Archery	Outdoor Sports	[-122.47024, 37.68648]	Tue-Fri: 11:00 - 20:00<br/>Sat: 10:00 - 19:00
705	Padre Junipero Serra Monument	Landmark/Attraction	[-122.466382, 37.771967]	N/A
706	Paint Outdoors	Educational Facility	[-122.42073, 37.75652]	N/A
707	Painted Ladies	Landmark/Attraction	[-122.43283, 37.77561]	N/A
708	Palace Hotel	Hotel	[-122.40154, 37.78829]	Mon-Sun: 00:00 - 24:00
709	Palace of Fine Arts	Recreation	[-122.44902, 37.80189]	N/A
710	Palace of Fine Arts Theater	Theatre, Music & Culture	[-122.44902, 37.80189]	Mon-Sun: 06:00 - 21:00
711	Parisian Mansion	Landmark/Attraction	[-122.40544, 37.79405]	N/A
712	Parkwide Bike Rentals & Tours	Sights & Museums	[-122.45002, 37.777258]	Mon-Sun: 10:00 - 18:30
713	Path of Gold Light Standards	Sights & Museums	[-122.43443, 37.76358]	N/A
714	Patrick James	Clothing & Accessories	[-122.40198, 37.7913]	Mon-Fri: 09:00 - 18:00<br/>Sat: 10:00 - 17:00
715	Pax Jerusalemme Sculpture	Landmark/Attraction	[-122.499395, 37.785502]	N/A
716	Paxton Gate	DIY/garden centre	[-122.42169, 37.75961]	Mon-Wed, Sun: 11:00 - 19:00<br/>Thu-Sat: 11:00 - 20:00
717	Peacock Meadow	Recreation	[-122.457788, 37.771239]	N/A
718	Peninsula Tour	Landmark/Attraction	[-122.39211, 37.74657]	Mon-Sun: 07:00 - 00:00
719	Peony Foot Spa	Business & Services	[-122.40592, 37.79154]	Mon-Sun: 10:00 - 22:00
720	Pepper Palace	Shop	[-122.41853, 37.80738]	Mon-Sun: 10:00 - 21:00
721	Pershing Square	Landmark/Attraction	[-122.459559, 37.788467]	N/A
722	Pet's Rest Cemetery	Business & Services	[-122.449, 37.6789]	Mon-Fri: 09:00 - 17:00<br/>Sat: 09:00 - 13:00
723	Peter Macchiarini	Shop	[-122.40789, 37.80102]	N/A
724	Philippine Folklife Museum	Museum	[-122.407702, 37.789192]	Mon-Fri: 10:00 - 16:00
725	Photo Tours of San Francisco Day Tours	Sights & Museums	[-122.4043, 37.77922]	N/A
726	Pickwick Hotel	Hotel	[-122.40663, 37.78289]	Mon-Sun: 00:00 - 24:00
727	Pier 1 1/2	Sights & Museums	[-122.46837, 37.67742]	N/A
728	Pier 2 Public Access	Landmark/Attraction	[-122.39261, 37.79406]	N/A
729	Pier 24	Museum	[-122.395033, 37.795922]	Mon-Fri: 09:00 - 17:00
730	Pier 27	Sights & Museums	[-122.402722, 37.805408]	N/A
731	Pier 29	Sights & Museums	[-122.403856, 37.805168]	N/A
732	Pier 31	Landmark/Attraction	[-122.405717, 37.806886]	N/A
733	Pier 35	Going Out	[-122.406538, 37.807282]	N/A
734	Pier 39	Sights & Museums	[-122.41062, 37.81082]	Mon-Sun: 10:00 - 21:00
735	Pier 45	Landmark/Attraction	[-122.47931, 37.72313]	N/A
736	Pier 7	Sport Facility/Venue	[-122.39776, 37.79918]	N/A
737	Pier 70	Theatre, Music & Culture	[-122.386061, 37.758203]	N/A
738	Pioneer Log Cabin	Landmark/Attraction	[-122.474025, 37.771246]	N/A
739	Pioneer Monument	Landmark/Attraction	[-122.405133, 37.730036]	N/A
740	Pioneer Park	Recreation	[-122.406415, 37.803484]	N/A
741	Planet Granite	Sport Facility/Venue	[-122.46838, 37.80435]	Mon-Fri: 06:00 - 23:00<br/>Sat: 08:00 - 20:00<br/>Sun: 08:00 - 18:00
742	Plugz	Shop	[-122.42134, 37.80626]	N/A
743	Poet's Gallery	Museum	[-122.40731, 37.80047]	N/A
744	Point Bonita Lighthouse	Sights & Museums	[-122.52946, 37.82184]	Mon, Sun: 12:30 - 15:30
745	Polo Fields	Sport Facility/Venue	[-122.49315, 37.76882]	N/A
746	Pookie Stones	Landmark/Attraction	[-122.394554, 37.791719]	N/A
747	Port of San Francisco	Theatre, Music & Culture	[-122.39523, 37.79683]	N/A
748	Portsmouth Square	Recreation	[-122.40571, 37.79479]	Mon-Sun: 00:00 - 24:00
749	Posada Art Foundation	Museum	[-122.41373, 37.80041]	Mon-Fri: 09:00 - 17:00
750	Potrero Hill Mural	Landmark/Attraction	[-122.39802, 37.76489]	N/A
751	Powell St Cable Car Turnaround	Landmark/Attraction	[-122.407593, 37.784584]	N/A
752	Precita Eyes Mural Arts Center	Museum	[-122.4116, 37.75264]	Mon-Fri: 10:00 - 17:00<br/>Sat: 10:00 - 16:00<br/>Sun: 12:00 - 16:00
753	Preferred Limousines Napa Wine Tours & Airport.	Landmark/Attraction	[-122.40133, 37.7974]	N/A
754	Presidio	Theatre, Music & Culture	[-122.46001, 37.79918]	Mon-Sun: 00:00 - 24:00
755	Presidio Chapel	Religious Place	[-122.46209, 37.79945]	N/A
756	Presidio Fire Station	Landmark/Attraction	[-122.45552, 37.80149]	N/A
757	Presidio Officers' Club	Museum	[-122.45896, 37.79762]	Tue-Sun: 10:00 - 18:00
758	Presidio Pet Cemetery	Landmark/Attraction	[-122.467177, 37.802619]	Mon-Sun: 00:00 - 24:00
759	Presidio Trust Headquarters	Government or Community Facility	[-122.46001, 37.79918]	N/A
760	Presidio Visitor Center	Museum	[-122.45619, 37.80174]	Mon-Sun: 10:00 - 17:00
761	Press Club	Food & Drink	[-122.40369, 37.78546]	Mon, Tue: 16:00 - 21:00<br/>Wed: 16:00 - 22:00<br/>Thu: 16:00 - 23:00<br/>Fri: 14:00 - 00:00<br/>Sat: 16:00 - 23:30<br/>Sun: 16:00 - 20:00
762	Private Guide SF	Landmark/Attraction	[-122.41547, 37.7497]	Mon-Sun: 08:00 - 19:00
763	Project Zen	Hospital or Healthcare Facility	[-122.41265, 37.80547]	Mon-Fri: 11:00 - 21:00<br/>Sat, Sun: 08:00 - 22:00
764	Pub Crawl San Francisco	Food & Drink	[-122.41195, 37.80445]	N/A
765	Public Glass	Museum	[-122.39496, 37.72825]	Tue-Fri: 10:00 - 18:00<br/>Sat, Sun: 09:00 - 18:00
766	Punch Line	Theatre, Music & Culture	[-122.39994, 37.79551]	Tue-Sun: 15:00 - 18:00
767	Pure Organic Spa	Business & Services	[-122.40903, 37.7893]	Mon-Sun: 10:00 - 20:00
768	Queen Wilhelmina Garden	Recreation	[-122.510622, 37.770554]	N/A
769	Quesada Gardens	DIY/garden centre	[-122.391314, 37.733476]	N/A
770	Quetzalcoatl Mural	Landmark/Attraction	[-122.41861, 37.75773]	N/A
771	ROLO	Clothing & Accessories	[-122.43427, 37.76323]	Mon-Sat: 11:00 - 19:00<br/>Sun: 12:00 - 18:00
772	Randall Museum	Museum	[-122.43853, 37.76428]	Tue-Sat: 10:00 - 17:00
773	Rasputin Records	Shop	[-122.44984, 37.76985]	N/A
774	Rayon Vert	DIY/garden centre	[-122.42364, 37.76452]	N/A
775	Real World: San Francisco	Landmark/Attraction	[-122.41691, 37.80205]	N/A
776	Rebecca Wilkowski Photography Workshops and Tours	Sights & Museums	[-122.4059, 37.79325]	N/A
777	Red Blossom Tea Company	Food & Drink	[-122.40653, 37.79473]	Mon-Sat: 10:00 - 18:30<br/>Sun: 10:00 - 18:00
778	Red Carpet Tours SF	Wine & Spirits	[-122.39452, 37.76473]	N/A
779	Red Poppy Art House	Shop	[-122.41451, 37.7542]	Tue, Fri: 09:00 - 17:00<br/>Wed: 09:00 - 14:00<br/>Thu: 11:00 - 17:00<br/>Sat: 10:00 - 17:00<br/>Sun: 16:00 - 20:00
780	Red Star Transportation	Transport	[-122.48347, 37.77984]	Mon-Sun: 05:00 - 23:45
781	Red Umbrellas 'Art Exhibitions'	Landmark/Attraction	[-122.45213, 37.76677]	N/A
782	Red and White Fleet	Sights & Museums	[-122.4152, 37.80928]	Mon-Sun: 10:00 - 17:00
783	Redtie Transportation	Transport	[-122.43571, 37.75814]	Mon-Sun: 04:00 - 23:00
784	Redwood Empire Association	Tourist Information	[-122.41947, 37.80727]	N/A
785	Rendezvous Charters	Business & Services	[-122.387781, 37.783244]	Mon-Sun: 09:00 - 17:00
786	Restaurantours	Landmark/Attraction	[-122.42122, 37.75995]	N/A
787	Rialto Building	Landmark/Attraction	[-122.40043, 37.78704]	N/A
788	Rickshaw Bagworks	Shop	[-122.39058, 37.75803]	N/A
789	Rideonlimo	Transport	[-122.49457, 37.77994]	Mon-Sun: 04:30 - 00:30
790	Rincon Center	Sights & Museums	[-122.39374, 37.79232]	N/A
791	Rincon Park	Recreation	[-122.390068, 37.791484]	N/A
792	Ripley's Believe It or Not Museum	Museum	[-122.41546, 37.80796]	Mon-Thu, Sun: 10:00 - 21:00<br/>Fri, Sat: 10:00 - 22:00
793	Rizzoli	Shop	[-122.40406, 37.78861]	N/A
794	Roald Amundsen Marker	Landmark/Attraction	[-122.5108, 37.77042]	N/A
795	Robert Fountain International	Theatre, Music & Culture	[-122.40425, 37.76445]	N/A
796	Rock Loft	Museum	[-122.40498, 37.79787]	N/A
797	Rocketboat	Going Out	[-122.41023, 37.80885]	Mon-Sun: 12:00 - 18:00
798	Romer Young Gallery	Sights & Museums	[-122.393579, 37.757769]	N/A
799	Rose Garden	Going Out	[-122.468518, 37.772583]	N/A
800	Ross Alley	Landmark/Attraction	[-122.40723, 37.79561]	N/A
801	Rothmann Talks and Tours	Landmark/Attraction	[-122.46362, 37.78228]	N/A
802	Roxie Cinema	Cinema	[-122.42241, 37.76462]	Mon-Sun: 13:00 - 20:00
803	Royal Thai Spa	Business & Services	[-122.418186, 37.805865]	Mon-Sun: 10:00 - 22:00
804	Russ Building	Business & Services	[-122.4026, 37.79142]	N/A
805	S F City & County	Museum	[-122.41192, 37.79488]	N/A
806	S F Water Taxi	Tourist Information	[-122.418035, 37.805929]	N/A
807	S&S Transport	Transport	[-122.46867, 37.73869]	Mon-Sun: 00:00 - 24:00
808	SATURN Street Steps	Recreation	[-122.44023, 37.76278]	N/A
809	SF Boat Support	Business & Services	[-122.44084, 37.72278]	N/A
810	SF Brew Ride	Wine & Spirits	[-122.40058, 37.7993]	Mon-Sun: 10:00 - 22:00
811	SF Chinatown Ghost Tours	Tourist Information	[-122.406309, 37.793642]	N/A
812	SF Chinese Tour	Landmark/Attraction	[-122.47832, 37.77494]	N/A
813	SF Chowdown	Landmark/Attraction	[-122.40719, 37.79405]	Sat, Sun: 14:00 - 16:00
814	SF Chowdown Food Tours	Sights & Museums	[-122.40541, 37.79078]	N/A
815	SF Eagle	Dance or Nightclub	[-122.41341, 37.76998]	Mon-Fri: 14:00 - 02:00<br/>Sat, Sun: 12:00 - 02:00
816	SF Native Guide	Landmark/Attraction	[-122.44955, 37.7469]	Mon-Sun: 06:00 - 02:00
817	SF Rock Posters	Shop	[-122.41138, 37.80175]	Mon-Sat: 10:00 - 18:00
818	SF Wine Tour Limo	Landmark/Attraction	[-122.39974, 37.79408]	Mon-Sun: 01:00 - 23:30
819	SF on Tap Tours	Business & Services	[-122.407465, 37.792909]	Mon-Sun: 00:00 - 24:00
820	SFO Limousine	Transport	[-122.476836, 37.720195]	N/A
821	SK Morton's Lousy San Francisco Walking Tour	Sights & Museums	[-122.39636, 37.77617]	N/A
822	Salesforce TRANSIT Center	Public Transport	[-122.397202, 37.78987]	Mon-Sun: 06:00 - 21:00
823	Salesforce Tower	Business & Services	[-122.397, 37.78977]	N/A
824	Salvador Dali Mural	Landmark/Attraction	[-122.40366, 37.79147]	N/A
825	San Bruno Mountain State Park	Recreation	[-122.4348, 37.69642]	Mon-Sun: 08:00 - 19:00
826	San Fran Tour Center	Landmark/Attraction	[-122.41091, 37.80252]	Mon-Sun: 10:00 - 19:00
827	San Francisco Adventours	Landmark/Attraction	[-122.46369, 37.6653]	Mon-Sun: 10:30 - 17:00
828	San Francisco Architecture Walking Tour	Going Out	[-122.40349, 37.7896]	Mon-Sun: 11:00 - 13:00
829	San Francisco Bay	Recreation	[-122.48193, 37.8279]	N/A
830	San Francisco Bay Boat Cruises	Food & Drink	[-122.41023, 37.80885]	Wed-Sun: 12:30 - 22:00
831	San Francisco Bay Bridge	Building	[-122.377101, 37.798784]	N/A
832	San Francisco Bay Wildlife Tours	Sport Facility/Venue	[-122.4435, 37.72042]	N/A
833	San Francisco Bicycle Rentals	Shop	[-122.41947, 37.80727]	Mon-Sun: 09:00 - 19:30
834	San Francisco Brewing Company	Food & Drink	[-122.405088, 37.796645]	N/A
835	San Francisco Bus & Limo Service	Transport	[-122.41937, 37.75744]	Mon-Sun: 00:00 - 24:00
836	San Francisco Carousel	Theatre, Music & Culture	[-122.41023, 37.80885]	N/A
837	San Francisco Center for the Book	Educational Facility	[-122.40202, 37.76573]	Mon-Sun: 10:00 - 17:30
838	San Francisco Chinatown Ghost Tours	Landmark/Attraction	[-122.4084, 37.79167]	Mon-Sun: 00:00 - 24:00
839	San Francisco City Hall	Government or Community Facility	[-122.41922, 37.77929]	Mon-Fri: 08:00 - 20:00
840	San Francisco Croquet Club	Facility	[-122.47604, 37.737]	N/A
841	San Francisco Dungeon	Museum	[-122.41464, 37.80806]	Mon-Thu, Sun: 11:00 - 19:00<br/>Fri, Sat: 10:00 - 20:00
842	San Francisco Excursions	Landmark/Attraction	[-122.46281, 37.78074]	Mon-Sun: 08:00 - 18:00
843	San Francisco Film Centre	Museum	[-122.45727, 37.79829]	Mon-Fri: 09:00 - 17:00
844	San Francisco Fire Engine Tours	Landmark/Attraction	[-122.41434, 37.80774]	N/A
845	San Francisco Flower Mart	Shop	[-122.4003, 37.77605]	Mon-Fri: 10:00 - 15:00<br/>Sat: 10:00 - 13:00
846	San Francisco Food Safari	Landmark/Attraction	[-122.40899, 37.80085]	N/A
847	San Francisco Hall of Justice	Government or Community Facility	[-122.40436, 37.77541]	Mon-Fri: 08:30 - 16:00
848	San Francisco History Ride	Landmark/Attraction	[-122.395522, 37.788336]	Mon-Sun: 10:00 - 19:00
849	San Francisco Journeys	Sights & Museums	[-122.40166, 37.78864]	Tue: 09:15 - 17:00<br/>Thu-Sat: 10:00 - 15:00
850	San Francisco Kayak & Adventures	Sights & Museums	[-122.386444, 37.771296]	Mon-Sun: 09:00 - 18:00
851	San Francisco Love Tours	Theatre, Music & Culture	[-122.42091, 37.807526]	Mon-Sun: 08:00 - 20:00
852	San Francisco Maritime Natl Hist Pk	Tourist Information	[-122.420734, 37.807446]	Mon-Sun: 09:30 - 17:00
853	San Francisco Minibus	Transport	[-122.38158, 37.73861]	Mon-Fri: 09:00 - 17:00
854	San Francisco Mining Exchange	Landmark/Attraction	[-122.40338, 37.79099]	N/A
855	San Francisco Movie Tours	Sights & Museums	[-122.40198, 37.7913]	N/A
856	San Francisco Mus of Craft & Design	Museum	[-122.387923, 37.757037]	Tue, Wed, Fri, Sat: 11:00 - 18:00<br/>Thu: 11:00 - 19:00<br/>Sun: 12:00 - 17:00
857	San Francisco Museum of Mode	Museum	[-122.40345, 37.78929]	N/A
858	San Francisco Museum of Modern Art	Book Shop	[-122.40074, 37.78592]	Mon, Tue, Fri-Sun: 10:00 - 17:00<br/>Thu: 10:00 - 21:00
859	San Francisco National Cemetery	Business & Services	[-122.457678, 37.802095]	Mon-Sun: 06:00 - 18:00
860	San Francisco PBLC Lbry-Chinatown	Library	[-122.41018, 37.79522]	Mon, Fri: 13:00 - 18:00<br/>Tue-Thu: 10:00 - 21:00<br/>Sat: 10:00 - 18:00<br/>Sun: 13:00 - 17:00
861	San Francisco Private Tours	Landmark/Attraction	[-122.40197, 37.79132]	Mon-Sun: 08:00 - 20:00
862	San Francisco Railway Museum	Museum	[-122.39356, 37.79383]	Tue-Sun: 10:00 - 18:00
863	San Francisco Running Tours	Sights & Museums	[-122.40256, 37.79314]	N/A
864	San Francisco Sailing Company	Business & Services	[-122.41286, 37.80619]	Mon: 09:00 - 18:00<br/>Tue-Sun: 09:00 - 17:00
865	San Francisco Scooter Tours & Adventures	Business & Services	[-122.42134, 37.80626]	Mon-Sun: 09:00 - 17:00
866	San Francisco Sightseeing Company	Sights & Museums	[-122.38602, 37.78602]	N/A
867	San Francisco Sunrise Walking Tours	Landmark/Attraction	[-122.40158, 37.75124]	N/A
868	San Francisco Tour Bus	Landmark/Attraction	[-122.405893, 37.802601]	N/A
869	San Francisco Tour Guide Guild	Landmark/Attraction	[-122.44475, 37.76903]	N/A
870	San Francisco Tours & Activities	Shop	[-122.40569, 37.79184]	N/A
871	San Francisco Visitor Information Center	Tourist Information	[-122.40831, 37.78431]	Mon-Fri: 09:00 - 17:00<br/>Sat: 09:00 - 15:00
872	San Francisco Whale Tours	Sights & Museums	[-122.41023, 37.80885]	Mon-Sun: 10:00 - 18:00
873	San Francisco Women Artists Gallery	Museum	[-122.46497, 37.76385]	Tue-Sat: 10:00 - 18:00<br/>Sun: 12:00 - 16:00
874	San Francisco Zen Center	Book Shop	[-122.42605, 37.77388]	Mon-Fri: 09:30 - 16:00<br/>Sat: 11:00 - 12:00
875	San Francisco Zoo	Zoo	[-122.472806, 37.734475]	Mon-Sun: 10:00 - 17:00
876	San Francisco en Espanol - Day Tours	Sights & Museums	[-122.40465, 37.8077]	N/A
877	San Francisco's Fisherman's Wharf Walk	Landmark/Attraction	[-122.41185, 37.80173]	N/A
878	San Francyclo	Sights & Museums	[-122.45822, 37.77635]	Wed-Fri: 11:00 - 19:00<br/>Sat, Sun: 10:00 - 17:00
879	San Fransico Exploritorium	Museum	[-122.448286, 37.804139]	N/A
880	San Remo Hotel	Hotel	[-122.4136, 37.80427]	Mon-Thu, Sun: 08:00 - 22:00<br/>Fri, Sat: 08:00 - 23:00
881	Sanchez Street Studios	Sport Facility/Venue	[-122.42863, 37.74377]	Mon-Sat: 07:30 - 20:30
882	Santa Ynez Canyon	Recreation	[-122.44063, 37.72452]	N/A
883	Satin Moon Fabrics	Shop	[-122.45967, 37.78331]	Mon-Sat: 13:00 - 19:00
884	Satori Yoga Studio	Sport Facility/Venue	[-122.40269, 37.79022]	Mon-Fri: 07:00 - 20:30<br/>Sat: 09:30 - 12:30<br/>Sun: 09:30 - 19:30
885	Scenic 49 Mile Drive	Sights & Museums	[-122.38787, 37.67104]	N/A
886	Scoot Networks	Shop	[-122.40871, 37.77816]	Mon-Sun: 00:00 - 24:00
887	Sea Lion Center	Museum	[-122.410584, 37.809996]	Mon-Thu, Sun: 10:00 - 16:00<br/>Fri, Sat: 10:00 - 17:00
888	Sea Lions at Pier 39	Landmark/Attraction	[-122.411232, 37.810759]	N/A
889	Sea To Sauna - A San Francisco Tour	Landmark/Attraction	[-122.37277, 37.7305]	Wed, Fri: 09:00 - 22:00<br/>Thu: 09:00 - 10:00
890	Second City Tours	Landmark/Attraction	[-122.41091, 37.80252]	Mon-Sat: 10:00 - 16:00
891	Secret Food Tours	Landmark/Attraction	[-122.41855, 37.75045]	N/A
892	Segway SF Bay	Sights & Museums	[-122.490367, 37.775895]	Mon-Sun: 10:00 - 18:00
893	Senseofplace Lab	Landmark/Attraction	[-122.477215, 37.79213]	N/A
894	Senspa	Business & Services	[-122.451227, 37.802542]	Mon-Fri: 10:00 - 20:00<br/>Sat, Sun: 09:00 - 20:00
895	Sentinel Building	Landmark/Attraction	[-122.40499, 37.79655]	Tue-Fri: 11:30 - 22:00<br/>Sat: 12:00 - 22:00<br/>Sun: 12:00 - 21:00
896	Sequoia Sake	Landmark/Attraction	[-122.402892, 37.740298]	Sat: 12:00 - 18:00
897	Seward Street Slides	Recreation	[-122.43966, 37.7581]	Tue-Sun: 09:00 - 17:00
898	Sexton Robert An American Romantic	Landmark/Attraction	[-122.40773, 37.8024]	N/A
899	Sfsu Observatory	Educational Facility	[-122.477105, 37.723910000000004]	N/A
900	Shaping San Francisco	Landmark/Attraction	[-122.42214, 37.76449]	Mon: 14:00 - 17:00
901	Share Chairs	Landmark/Attraction	[-122.45764, 37.80034]	N/A
902	Show Biz	Shop	[-122.40704, 37.79909]	N/A
903	Shreve & Co	Shop	[-122.40551, 37.78893]	Mon-Sat: 10:00 - 18:00<br/>Sun: 13:00 - 17:00
904	Sidewalk Food Tours of San Francisco	Sights & Museums	[-122.444145, 37.75818]	Mon-Sun: 09:00 - 21:00
905	Sidewalks of San Francisco Tours	Landmark/Attraction	[-122.40739, 37.79852]	N/A
906	Sigmund Stern Grove	Recreation	[-122.47523, 37.734855]	Mon-Sun: 06:00 - 18:00
907	Silver Lion Service - Private Tours	Landmark/Attraction	[-122.42614, 37.75326]	Mon-Sun: 08:00 - 20:00
908	Simpsons Mural	Landmark/Attraction	[-122.45267, 37.76654]	N/A
909	Sing Fat Co. Building	Landmark/Attraction	[-122.40578, 37.79227]	N/A
910	Sito's Tours and Travel	Travel Agency	[-122.39866, 37.79015]	N/A
911	Skyfarm	Landmark/Attraction	[-122.42354, 37.75528]	N/A
912	Skywest Wine Tours	Landmark/Attraction	[-122.4084, 37.79167]	Mon-Sun: 08:00 - 17:30
913	Slap N Tite	Museum	[-122.47382, 37.71758]	N/A
914	Small Car Big Time Tours	Landmark/Attraction	[-122.497742, 37.771306]	Mon-Sun: 08:00 - 23:00
915	Smile	Landmark/Attraction	[-122.39179, 37.79119]	N/A
916	Society of California Pioneers	Museum	[-122.40119, 37.78174]	N/A
917	Society of California Pioneers Museum and Library	Sights & Museums	[-122.459514, 37.799935]	N/A
918	Solve It! Think Out of the Box	Shop	[-122.409231, 37.808269]	Mon-Thu, Sun: 10:00 - 20:00<br/>Fri, Sat: 10:00 - 21:00
919	Somarts	Sights & Museums	[-122.40615, 37.77072]	Tue-Fri: 09:00 - 19:00<br/>Sat: 12:00 - 17:00
920	Sophia's Choice Gift Shop	Shop	[-122.40582, 37.7909]	Mon-Sun: 09:00 - 20:00
921	Southeast Wastewater Treatment Plant	Landmark/Attraction	[-122.390536, 37.740862]	N/A
922	Southern Pacific Building	Landmark/Attraction	[-122.39423, 37.79337]	N/A
923	Speakeasy	Theatre, Music & Culture	[-122.40785, 37.79802]	Fri, Sat: 19:25 - 23:30
924	Speakeasy Ales & Lagers	Food & Drink	[-122.38097, 37.73854]	Tue-Thu: 13:00 - 22:00<br/>Fri, Sat: 13:00 - 00:00<br/>Sun: 13:00 - 20:00
925	Spofford Alley	Landmark/Attraction	[-122.40727, 37.79468]	N/A
926	Sports Basement	Clothing & Accessories	[-122.41112, 37.76716]	Mon-Fri: 09:00 - 21:00<br/>Sat, Sun: 08:00 - 20:00
927	Spotted San Francisco	Tourist Information	[-122.400149, 37.802229]	N/A
928	Spreckels Lake	Recreation	[-122.494201, 37.771106]	N/A
929	St Francis of Assisi Church	Sights & Museums	[-122.40742, 37.79879]	N/A
930	St. Anne of the Sunset Church	Religious Place	[-122.47128, 37.76222]	N/A
931	St. Ignatius Church	Religious Place	[-122.45295, 37.77631]	Mon-Fri: 07:30 - 17:00<br/>Sat, Sun: 07:30 - 19:30
932	Stagecoach Greens	Sport Facility/Venue	[-122.39107, 37.771255]	Mon-Sun: 11:00 - 21:00
933	Stairways Across San Francisco	Sights & Museums	[-122.440987, 37.766797]	N/A
934	Star Vacation	Travel Agency	[-122.48091, 37.76314]	Mon-Sun: 10:00 - 19:00
935	Statue of Christopher Columbus	Landmark/Attraction	[-122.407339, 37.803044]	Mon-Sun: 00:00 - 23:59
936	Stonestown Galleria	Shopping Centre	[-122.47639, 37.72777]	Mon-Sat: 10:00 - 21:00<br/>Sun: 11:00 - 18:00
937	Storer San Francisco	Transport	[-122.398, 37.74557]	Mon-Fri: 07:00 - 18:00
938	Stow Lake	Theatre, Music & Culture	[-122.4771, 37.77064]	Mon-Sun: 10:00 - 16:00
939	Strawberry Hill	Recreation	[-122.474989, 37.768432]	N/A
940	Street of the Painted Balconies	Sights & Museums	[-122.4067, 37.79437]	N/A
941	Stretchy Pants	Educational Facility	[-122.47868, 37.74434]	Tue-Sat: 09:00 - 17:00
942	Strybing Arboretum-Golden Gate Park	Sights & Museums	[-122.46751, 37.76642]	Mon-Sun: 07:30 - 18:00
943	Suchada Thai Massage	Hospital or Healthcare Facility	[-122.40281, 37.77029]	Mon-Sun: 10:00 - 22:00
944	Sue Bierman Park	Recreation	[-122.39649, 37.79572]	N/A
945	Superheroes & Supervillains Mural	Landmark/Attraction	[-122.41897, 37.76024]	N/A
946	Susan of San Francisco	Clothing & Accessories	[-122.45325, 37.78714]	Tue-Sat: 10:00 - 18:00
947	Sutro Baths	Sights & Museums	[-122.5138, 37.78066]	N/A
948	Sutro Heights Park	Recreation	[-122.5096, 37.77983]	N/A
949	Sutro Tower	Sights & Museums	[-122.452826, 37.755239]	N/A
950	Tahoe Convoy	Transport	[-122.397242, 37.792169]	Fri: 17:45 - 22:15<br/>Sun: 16:30 - 22:00
951	Take Walks	Landmark/Attraction	[-122.408551, 37.790007]	Mon-Fri: 07:30 - 17:00<br/>Sat, Sun: 07:30 - 16:00
952	Tango & Stache	Food & Drink	[-122.39452, 37.76473]	N/A
953	Tank Hill	Recreation	[-122.447284, 37.759766]	N/A
954	Tastebud Tours - Food Tours of San Francisco	Landmark/Attraction	[-122.411285, 37.804823999999996]	N/A
955	Tastebud Tours San Francisco Food Tours	Food & Drink	[-122.41182, 37.80163]	Mon-Sat: 11:00 - 15:00
956	Tatiana Menaker Travel Art SF	Landmark/Attraction	[-122.49696, 37.75175]	N/A
957	Tattoo Art Museum	Museum	[-122.41347, 37.80238]	N/A
958	Teacup Poodles Ok Mural	Landmark/Attraction	[-122.40467, 37.80204]	N/A
959	Teatro Zinzanni	Theatre, Music & Culture	[-122.39796, 37.79842]	N/A
960	Tecate Funhouse	Bar/Pub	[-122.41811, 37.76339]	N/A
961	Telephone Pioneers Communication Museum	Sights & Museums	[-122.4, 37.78661]	N/A
962	Ten Ren Tea	Food & Drink	[-122.40681, 37.79577]	Mon-Sun: 09:00 - 21:00
963	Terracotta Army Mural	Landmark/Attraction	[-122.406, 37.79442]	N/A
964	Terrific Tours	Landmark/Attraction	[-122.418035, 37.805929]	Mon-Fri: 09:30 - 17:00<br/>Sat, Sun: 09:00 - 16:30
965	Thai Cooking with Sunshine	Educational Facility	[-122.42386, 37.76415]	Fri, Sat: 18:00 - 21:00
966	The Booksmith	Book Shop	[-122.44942, 37.76997]	Mon-Sat: 10:00 - 22:00<br/>Sun: 10:00 - 20:00
967	The Cannery	Shop	[-122.419472, 37.80727]	Mon-Sat: 10:00 - 22:00<br/>Sun: 09:00 - 22:00
968	The Conservatory of Flowers	Sights & Museums	[-122.46016, 37.77239]	Tue-Sun: 10:00 - 16:00
969	The Fillmore	Theatre, Music & Culture	[-122.43311, 37.784046]	Mon-Sun: 19:00 - 01:00
970	The Lab	Museum	[-122.418427, 37.765255]	Mon-Fri: 09:00 - 17:00
971	The Ritz-Carlton Club-San Francisco	Hotel	[-122.40323, 37.78824]	Mon-Sun: 00:00 - 24:00
972	The Women's Building	Government or Community Facility	[-122.42261, 37.76141]	Mon-Fri: 10:00 - 19:00
973	Think Escape Party Bus Bay Area	Tourist Information	[-122.39288, 37.79323]	Mon-Sat: 09:00 - 17:00
974	Thinkwalks	Landmark/Attraction	[-122.443632, 37.770423]	N/A
975	Thomas Bros. Maps and Books	Shop	[-122.40424, 37.79644]	N/A
976	Thornton State Beach	Recreation	[-122.49597, 37.69809]	N/A
977	Thread Lounge	Clothing & Accessories	[-122.42185, 37.76123]	N/A
978	Three Hills and A Tunnel Urban Hiking Tour	Sights & Museums	[-122.4964, 37.73135]	N/A
979	Tico Guide Travel	Travel Agency	[-122.439591, 37.743127]	N/A
980	Tiffany & Co.	Clothing & Accessories	[-122.40766, 37.78867]	Mon-Sat: 10:00 - 19:00<br/>Sun: 11:00 - 18:00
981	Timbuk2 Factory Store	Shop	[-122.415622, 37.759141]	Mon-Sun: 10:00 - 18:00
982	Time of Your Life Tour	Travel Agency	[-122.4846, 37.69994]	Mon-Sun: 09:00 - 09:00
983	Tin How Temple	Religious Place	[-122.40706, 37.79454]	Mon-Sun: 09:30 - 15:30
984	Tix Bay Area	Recreation	[-122.408096, 37.788139]	Mon-Thu, Sun: 08:00 - 16:00<br/>Fri, Sat: 08:00 - 17:00
985	Toko Imports	Shop	[-122.40704, 37.79909]	N/A
986	Torpedo Wharf	Landmark/Attraction	[-122.470409, 37.808836]	N/A
987	Totem Pole of Point Lobos	Landmark/Attraction	[-122.51443, 37.77841]	Mon-Sun: 00:00 - 24:00
988	Tours by Lily	Sights & Museums	[-122.41824, 37.75317]	Mon-Sun: 08:00 - 20:00
989	Tower Tours	Sights & Museums	[-122.41324, 37.80805]	Mon-Sun: 07:00 - 21:00
990	Transamerica Pyramid	Building	[-122.40319, 37.7951]	Mon-Fri: 08:00 - 17:00
991	Transmetro	Transport	[-122.46751, 37.7105]	Mon-Fri: 09:00 - 17:00
992	Travel Germany	Travel Agency	[-122.39476, 37.79103]	N/A
993	Travelzoo	Travel Agency	[-122.39862, 37.79186]	N/A
994	Trenton Street Murals	Landmark/Attraction	[-122.40898, 37.79547]	N/A
995	Tse	Clothing & Accessories	[-122.40475, 37.78848]	Mon-Sat: 10:00 - 18:00
996	Twin Peaks	Recreation	[-122.44702, 37.75415]	Mon-Sun: 05:00 - 00:00
997	U.S. Mint & Subtreasury Building	Landmark/Attraction	[-122.40333, 37.794309]	N/A
998	US Customs House	Landmark/Attraction	[-122.40094, 37.79629]	N/A
999	USS San Francisco Memorial	Landmark/Attraction	[-122.510207, 37.783236]	N/A
1000	Ucsf Toland Hall	Landmark/Attraction	[-122.459287, 37.762962]	N/A
1001	Ulysses Simpson Grant Memorial	Landmark/Attraction	[-122.468763, 37.770758]	N/A
1002	Uniqlo	Clothing & Accessories	[-122.40819, 37.78579]	Mon-Sat: 10:00 - 21:00<br/>Sun: 11:00 - 20:00
1003	Uniquely Limo	Transport	[-122.48853, 37.75345]	N/A
1004	Unmapped	Travel Agency	[-122.40117, 37.79852]	Mon-Sun: 00:00 - 24:00
1005	Unwind Me	Business & Services	[-122.40197, 37.79132]	N/A
1006	Urban Dharma, Dharma Punx	Religious Place	[-122.46039, 37.77434]	N/A
1007	Urban Gal Knows	Sights & Museums	[-122.40787, 37.75247]	Mon-Sun: 08:00 - 18:00
1008	Urban Guide Day Tours	Sights & Museums	[-122.43389, 37.76317]	N/A
1009	Urban Hiker	Landmark/Attraction	[-122.41547, 37.7497]	Mon-Sun: 09:00 - 17:00
1010	Urban Putt	Theme Park	[-122.41687, 37.7557]	Mon-Thu: 16:00 - 00:00<br/>Fri: 16:00 - 02:00<br/>Sat: 11:00 - 02:00<br/>Sun: 11:00 - 00:00
1011	Urban Safari	Going Out	[-122.45699, 37.79937]	Mon-Thu: 12:00 - 21:00<br/>Fri-Sun: 12:00 - 18:00
1012	Urban Safari Tours	Landmark/Attraction	[-122.43777, 37.7453]	N/A
1013	Usf Kasamahan	Landmark/Attraction	[-122.45013, 37.77644]	N/A
1014	VIP Transportation Company	Transport	[-122.411727, 37.718968]	Mon-Sat: 09:00 - 21:00<br/>Sun: 10:00 - 16:00
1015	Vaillancourt Fountain	Landmark/Attraction	[-122.39423, 37.79337]	N/A
1016	Vallejo Steps Area	Sights & Museums	[-122.41367, 37.79786]	N/A
1017	Vamos Colombia Tour	Landmark/Attraction	[-122.41087, 37.74507]	N/A
1018	Vamos Gigantes Mural	Landmark/Attraction	[-122.4203, 37.75996]	N/A
1019	Vampire Tour of San Francisco	Sights & Museums	[-122.41584, 37.80658]	N/A
1020	Vantigo Tours	Sights & Museums	[-122.41846, 37.80621]	Mon-Sun: 08:00 - 18:00
1021	Venturing Out	Sport Facility/Venue	[-122.47868, 37.74434]	N/A
1022	Vermont Street	Landmark/Attraction	[-122.405115, 37.769541]	N/A
1023	Victor Hugo Chauffeur	Transport	[-122.41245, 37.80082]	Mon-Sun: 00:00 - 24:00
1024	Victoria Manalo Draves Park	Recreation	[-122.40671, 37.77762]	N/A
1025	Victoria Theatre	Theatre, Music & Culture	[-122.41886, 37.76485]	Mon-Sun: 07:00 - 02:00
1026	Vin Ambassador	Food & Drink	[-122.39545, 37.78716]	N/A
1027	Vine Affairs	Service	[-122.48347, 37.77984]	Mon-Fri: 09:00 - 18:00<br/>Sat: 10:00 - 14:00
1028	Vinicola de Coppola	Food & Drink	[-122.4297, 37.74456]	N/A
1029	Visionary Rentals	Landmark/Attraction	[-122.40614, 37.7841]	Mon-Sun: 09:00 - 17:00
1030	Vista Point	Landmark/Attraction	[-122.484061, 37.829471]	N/A
1031	Vital Tea Leave	Food & Drink	[-122.40598, 37.79164]	Mon-Sun: 10:30 - 19:00
1032	Vom Fass	Shop	[-122.42292, 37.80585]	Mon-Thu, Sun: 10:00 - 19:00<br/>Fri, Sat: 10:00 - 21:00
1033	Vulcan Steps	Sights & Museums	[-122.43989, 37.76083]	N/A
1034	Wacky Jacky	Sport Facility/Venue	[-122.45137, 37.73548]	N/A
1035	Walk SF Tours	Landmark/Attraction	[-122.41064, 37.80326]	N/A
1036	Walking Tour of China Town	Landmark/Attraction	[-122.479159, 37.744378]	N/A
1037	Walt Disney Family Museum	Museum	[-122.45849, 37.8013]	Mon, Wed-Sun: 10:00 - 18:00
1038	Walter S. Johnson Park	Recreation	[-122.4465, 37.80268]	N/A
1039	Wanderlust San Francisco	Landmark/Attraction	[-122.41838, 37.7486]	N/A
1040	War Memorial Opera House	Sights & Museums	[-122.42011, 37.77829]	Mon: 10:00 - 16:45<br/>Tue-Sat: 18:00 - 22:00<br/>Sun: 12:00 - 17:00
1041	Warming Hut Cafe & Bookstore	Book Shop	[-122.471117, 37.808518]	Mon-Sun: 09:00 - 17:00
1042	Washington Square	Recreation	[-122.40941, 37.80134]	N/A
1043	Wattle Creek Winery	Restaurant	[-122.42292, 37.80585]	Mon-Thu, Sun: 11:00 - 19:30<br/>Fri, Sat: 11:00 - 21:00
1044	Welcome Limo	Transport	[-122.39533, 37.71999]	Mon-Sun: 08:00 - 00:00
1045	Wells Fargo History Museum	Museum	[-122.4024, 37.7934]	Mon-Fri: 09:00 - 17:00
1046	West Coast Memorial To the Missing of Wwii	Landmark/Attraction	[-122.478075, 37.798622]	N/A
1047	West Fort Miley	Landmark/Attraction	[-122.508804, 37.78236]	N/A
1048	Wheel Fun Rentals - Fisherman's Wharf Pier 43.5	Shop	[-122.415076, 37.809368]	Mon-Sun: 10:00 - 18:00
1049	Wild SF Walking Tours	Tourist Information	[-122.408269, 37.788221]	Mon-Sun: 00:00 - 24:00
1050	Wilkes Bashford	Clothing & Accessories	[-122.40644, 37.78931]	Mon-Sat: 10:00 - 18:00
1051	Williams-Sonoma	Shop	[-122.40461, 37.78906]	N/A
1052	Willie Mays Plaza	Sport Facility/Venue	[-122.39081, 37.77813]	N/A
1053	Winery Collective	Shop	[-122.42017, 37.80717]	Mon-Sun: 12:00 - 21:00
1054	Wok Wiz Chinatown Tours	Sights & Museums	[-122.404297, 37.79507]	Mon-Fri: 09:00 - 20:00<br/>Sat, Sun: 09:00 - 17:00
1055	World War I & Two Memorial	Landmark/Attraction	[-122.474568, 37.772308]	N/A
1056	World War Two Memorial	Landmark/Attraction	[-122.46734, 37.799411]	N/A
1057	Wpa Murals at Rincon Annex Post Office	Landmark/Attraction	[-122.39384, 37.79256]	N/A
1058	Wwii Pacific War Memorial Hall	Sights & Museums	[-122.40634, 37.79318]	N/A
1059	Wwii West Coast Memorial	Landmark/Attraction	[-122.47782, 37.79918]	Mon-Sun: 00:00 - 23:59
1060	X-Ray of A Wolf Mural	Landmark/Attraction	[-122.44674, 37.76985]	N/A
1061	Xodi Jewelry & Gallery	Clothing & Accessories	[-122.41956, 37.76095]	Mon, Wed-Sat: 11:00 - 18:00
1062	YMCA	Sport Facility/Venue	[-122.39198, 37.79269]	Mon-Fri: 06:00 - 22:00<br/>Sat: 08:00 - 20:00<br/>Sun: 09:00 - 18:00
1063	Yellow Building	Landmark/Attraction	[-122.38992, 37.75762]	N/A
1064	Yerba Buena Center for the Arts	Theatre, Music & Culture	[-122.40191, 37.78614]	Tue, Wed, Fri-Sun: 11:00 - 18:00<br/>Thu: 11:00 - 20:00
1065	Yerba Buena Cove	Landmark/Attraction	[-122.40146, 37.7933]	N/A
1066	Yerba Buena Gardens	Recreation	[-122.40244, 37.78344]	Mon-Sun: 06:00 - 22:00
1067	Yerba Buena Ice Skating and Bowling Center	Sport Facility/Venue	[-122.400628, 37.782644]	N/A
1068	Yin and Yang	Landmark/Attraction	[-122.39423, 37.79337]	N/A
1069	Yosemite-Tours - Day Tours	Sights & Museums	[-122.39767, 37.77534]	N/A
1070	Your Vacation VIP	Transport	[-122.403428, 37.784021]	N/A
1071	Z Cioccolato	Food & Drink	[-122.40864, 37.79938]	Mon-Wed: 11:00 - 22:00<br/>Thu: 11:00 - 23:00<br/>Fri: 11:00 - 00:00<br/>Sat: 10:00 - 00:00<br/>Sun: 10:00 - 11:00
1072	Zen Zone of Serene Dip-A-Tea	Coffee/Tea	[-122.4627, 37.69349]	N/A
